-- phpMyAdmin SQL Dump
-- version 5.1.1
-- https://www.phpmyadmin.net/
--
-- Host: 127.0.0.1
-- Generation Time: Sep 07, 2023 at 11:23 PM
-- Server version: 10.4.21-MariaDB
-- PHP Version: 7.4.24

SET SQL_MODE = "NO_AUTO_VALUE_ON_ZERO";
START TRANSACTION;
SET time_zone = "+00:00";


/*!40101 SET @OLD_CHARACTER_SET_CLIENT=@@CHARACTER_SET_CLIENT */;
/*!40101 SET @OLD_CHARACTER_SET_RESULTS=@@CHARACTER_SET_RESULTS */;
/*!40101 SET @OLD_COLLATION_CONNECTION=@@COLLATION_CONNECTION */;
/*!40101 SET NAMES utf8mb4 */;

--
-- Database: `nagrade`
--

-- --------------------------------------------------------

--
-- Table structure for table `admin`
--

CREATE TABLE `admin` (
  `id` int(6) NOT NULL,
  `username` varchar(255) NOT NULL,
  `password` varchar(255) NOT NULL
) ENGINE=InnoDB DEFAULT CHARSET=utf8;

--
-- Dumping data for table `admin`
--

INSERT INTO `admin` (`id`, `username`, `password`) VALUES
(2, 'admin2023', '$2y$10$mziLVfs6MgxozYDQrKJlEu6jO2t97rt8NPQDGprJqVJFSeHfikCCG');

-- --------------------------------------------------------

--
-- Table structure for table `dobitnici`
--

CREATE TABLE `dobitnici` (
  `id_dobitnika` int(6) NOT NULL,
  `ime_autora` varchar(255) NOT NULL,
  `prezime_autora` varchar(255) NOT NULL,
  `spol_autora` varchar(1) DEFAULT NULL,
  `naslov_djela` varchar(255) DEFAULT NULL
) ENGINE=InnoDB DEFAULT CHARSET=utf8;

--
-- Dumping data for table `dobitnici`
--

INSERT INTO `dobitnici` (`id_dobitnika`, `ime_autora`, `prezime_autora`, `spol_autora`, `naslov_djela`) VALUES
(4, 'Adrijana', 'Grgičević', 'Ž', '-'),
(5, 'Elizabeta', 'Končić', 'Ž', '-'),
(6, 'Hana', 'Vrca', 'Ž', '-'),
(7, 'Dominik', 'Vuković', 'M', '-'),
(8, 'Ivana ', 'Šojat', 'Ž', '-'),
(9, 'Tito', 'Bilopavlović', 'M', '-'),
(10, 'Giacomo ', 'Scotti', 'M', 'Moja majka'),
(11, 'Vojin ', 'Jelić', 'M', '-'),
(12, 'Mirjana ', 'Matić-Halle', 'Ž', '-'),
(13, 'Fedor ', 'Vidas', 'M', '-'),
(14, 'Slobodan ', 'Novak', 'M', 'Razarma'),
(15, 'Višnja', 'Stahuljak', 'Ž', 'Telefon'),
(16, 'Marija', 'Peakić', 'Ž', '-'),
(17, 'Jara', 'Ribnikar', 'Ž', 'Govorio je isledniku'),
(18, 'Sanja', 'Pilić', 'Ž', 'Ah, ludnica'),
(19, 'Miro', 'Gavran', 'M', 'Spašavanje medvjeda'),
(20, 'Luko', 'Paljetak', 'M', 'Pisma'),
(21, 'Rade', 'Jarak', 'M', 'Nino Rovinjež'),
(22, 'Luko', 'Paljetak', 'M', 'Tigrica'),
(23, 'Jozefina', 'Dautbegović', 'Ž', 'Čovjek koji je kupovao kuću'),
(24, 'Tihomir', 'Horvat', 'M', 'Penjači'),
(25, 'Pavao', 'Pavličić', 'M', 'Što da se radi s Krležom'),
(26, 'Robert', 'Mlinarec', 'M', 'Smrt u Švedskoj'),
(27, 'Miroslav', 'Mićanović', 'M', 'Buka i bijes'),
(28, 'Željko', 'Kocaj', 'M', 'Buka, bijes i autobus'),
(29, 'Davor', 'Slamnig', 'M', 'Teletabisi'),
(30, 'Davor', 'Mojaš', 'M', 'Gizelina jesen'),
(31, 'Borislav', 'Vujčić', 'M', 'Zaštićeni svjedok'),
(32, 'Zdravko', 'Prlenda', 'M', 'Koraci na kaldrmi'),
(33, 'Romana', 'Brolih', 'Ž', 'Ko je to došel, Cilika?'),
(34, 'Bruno ', 'Profaca', 'M', 'Tiho brodsko ludilo'),
(35, 'Sanja', 'Pilić', 'Ž', 'Muškarci mog života'),
(37, 'Olja', 'Savičević Ivančević', 'Ž', 'Heroj'),
(38, 'Miroslav', 'Mićanović', 'M', 'Vrt s tisuću i jednom žaruljom'),
(39, 'Denis', 'Stošić', 'M', 'Mačka'),
(40, 'Zvonimir', 'Majdak', 'M', 'Apokrifna povijest Zagreba, kratka'),
(41, 'Tatjana', 'Lukarić', 'Ž', 'Odgoj djevojaka u dijaspori'),
(42, 'Dorta', 'Jagić', 'Ž', 'Ženski zatvor'),
(43, 'Zoran', 'Malkoč', 'M', 'Kad sam bio bako Pila, mrtva, a u najboljim godinama'),
(44, 'Roman', 'Simić Bodrožić', 'M', 'Dvoje djece'),
(45, 'Marina', 'Šur Puhlovski', 'Ž', 'Zovem se Marta'),
(46, 'Luko', 'Paljetak', 'M', 'Ružičasti kontejner'),
(47, 'Irena', 'Škorić', 'Ž', 'Vikend'),
(48, 'Dimitrije', 'Popović', 'M', 'Porođaj'),
(49, 'Stjepan', 'Čuić', 'M', 'Igra'),
(50, 'Ivana ', 'Simić Bodrožić', 'Ž', 'Nema mjesta'),
(51, 'Marijo', 'Glavaš', 'M', 'Cipele'),
(52, 'Roman', 'Simić Bodrožić', 'M', 'Na istok'),
(53, 'Dimitrije', 'Popović', 'M', 'Orhideja'),
(54, 'Zoran', 'Malkoč', 'M', 'A zaštas čupav ovi makaronje'),
(55, 'Korana', 'Serdarević', 'Ž', 'Kravosas'),
(56, 'Dimitrije', 'Popović', 'M', 'Omča'),
(57, 'Drago', 'Štambuk', 'M', 'Praljin sin'),
(58, 'Pavao', 'Pavličić', 'M', 'Ugovor s Viragom'),
(59, 'Luko', 'Paljetak', 'M', 'Noge gospođe Agneze'),
(60, 'Ivan', 'Aralica', 'M', 'Salo'),
(61, 'Ivana ', 'Šojat-Kuči', 'Ž', 'Hrabrost'),
(62, 'Luko', 'Paljetak', 'M', 'Varšavski koncert'),
(63, 'Stijepo', 'Mijović Kočan', 'M', 'Dovršen u 17,34'),
(64, 'Korana', 'Serdarević', 'Ž', 'Molim vas, pričekajte'),
(65, 'Julijana', 'Matanović', 'Ž', 'Jedna muha i dva udarca'),
(66, 'Stjepan', 'Tomaš', 'M', 'Čovjek koji je volio ptice'),
(67, 'Kristijan', 'Vujičić', 'M', 'Zid mora pasti'),
(68, 'Pavao', 'Pavličić', 'M', 'Priča za Večernjakov natječaj'),
(69, 'Marina', 'Veljača', 'Ž', 'Znaš li tko sam ja?'),
(70, 'Vesna', 'Biga', 'Ž', '-'),
(71, 'Miroslav', 'Mićanović', 'M', '-'),
(72, 'Tonko', 'Maroević', 'M', '-'),
(73, 'Dorta ', 'Jagić', 'Ž', '-'),
(74, 'Sonja', 'Manojlović', 'Ž', '-'),
(75, 'Mario ', 'Suško', 'M', '-'),
(76, 'Gordana', 'Benić', 'Ž', '-'),
(77, 'Branko', 'Čegec', 'M', '-'),
(78, 'Stjepan', 'Gulin', 'M', '-'),
(79, 'Vida', 'Sever', 'Ž', '-'),
(80, 'Tomislav', 'Augustinčić', 'M', '-'),
(81, 'Denis', 'Ćosić', 'M', '-'),
(82, 'Marija ', 'Dejanović', 'Ž', '-'),
(83, 'Monika', 'Herceg', 'Ž', '-'),
(84, 'Mateja', 'Jurčević', 'Ž', '-'),
(85, 'Goran', 'Čolakhodžić', 'M', '-'),
(86, 'Katja', 'Knežević', 'Ž', '-'),
(87, 'Stipe', 'Odak', 'M', '-'),
(88, 'Adolf', 'Polegubic', 'M', '-'),
(89, 'Malkica', 'Dugeč', 'Ž', '-'),
(90, 'Tomislav', 'Žigmanov', 'M', '-'),
(91, 'Drago', 'Šaravanja', 'M', '-'),
(92, 'Nikola', 'Benčić', 'M', '-'),
(93, 'Julienne', 'Eden Bušić', 'Ž', '-'),
(94, 'Anto', 'Čorlukić', 'M', '-'),
(95, 'Josip', 'Kovačević', 'M', '-'),
(96, 'Franko', 'Stipković', 'M', '-'),
(97, 'Vera', 'Zemunič', 'Ž', '-'),
(98, 'Svjetlana', 'Drožđan', 'Ž', '-'),
(99, 'Stanko', 'Rozgaj', 'M', '-'),
(100, 'Darja', 'Marczius-Ferk', 'Ž', '-'),
(101, 'Rudolf', 'Harmić', 'M', '-'),
(102, 'Zoran', 'Oroz', 'M', '-'),
(103, 'Ljilja', 'Leko', 'Ž', '-'),
(104, 'Ivica', 'Smolec', 'M', '-'),
(105, 'Sanja', 'Grgić', 'Ž', '-'),
(106, 'Ana', 'Nikolić', 'Ž', '-'),
(107, 'Slavica', 'Sarkotić', 'Ž', '-'),
(108, 'Marijo', 'Glavaš', 'M', '-'),
(109, 'Veronika', 'Prvonožec', 'Ž', '-'),
(110, 'Zlata', 'Bujan-Kovačević', 'Ž', '-'),
(111, 'Irma', 'Kovačić', 'Ž', '-'),
(112, 'Ljiljana ', 'Jelaska', 'Ž', '-'),
(113, 'Željko', 'Cvrtila', 'M', '-'),
(114, 'Ljubica', 'Biljan', 'Ž', '-'),
(115, 'Ivan', 'Katičić', 'M', '-'),
(116, 'Ana', 'Pisac', 'Ž', '-'),
(117, 'Ružica', 'Gašperov', 'Ž', '-'),
(118, 'Stipo ', 'Bilić', 'M', '-'),
(119, 'Ana', 'Narandžić', 'Ž', '-'),
(120, 'Filipa', 'Jadrić', 'Ž', '-'),
(121, 'Adrian', 'Cvitanović', 'M', '-'),
(122, 'Mladen', 'Machiedo', 'M', '-'),
(123, 'Maja', 'Tančik', 'Ž', '-'),
(124, 'Mia', 'Pervan', 'Ž', '-'),
(125, 'Anda', 'Bukvić Pažin', 'Ž', '-'),
(126, 'Mate ', 'Maras', 'M', '-'),
(127, 'Dubravko', 'Torjanac', 'M', '-'),
(128, 'Dora ', 'Maček', 'Ž', '-'),
(129, 'Dubravka', 'Kolanović', 'Ž', '-'),
(130, 'Davor', 'Šunk', 'M', '-'),
(131, 'Boris', 'Kralj', 'M', '-'),
(132, 'Manuela ', 'Vladić-Maštruko', 'Ž', '-'),
(133, 'Zoran', 'Maljković', 'M', '-'),
(134, 'Marko', 'Jovanovac', 'M', '-'),
(135, 'Sanja', 'Lovrenčić', 'Ž', '-'),
(136, 'Vendi', 'Vernić', 'Ž', '-'),
(137, 'Šime', 'Storić', 'M', '-'),
(138, 'Zvonko', 'Todorovski', 'M', '-'),
(139, 'Nela ', 'Sisarić', 'Ž', '-'),
(140, 'Nada', 'Mihelčić', 'Ž', '-'),
(141, 'Julijana ', 'Matanović', 'Ž', '-'),
(142, 'Anka', 'Dorić', 'Ž', '-'),
(143, 'Tihomir', 'Horvat', 'M', '-'),
(144, 'Branka', 'Primorac', 'Ž', '-'),
(145, 'Vlado ', 'Rajić', 'M', '-'),
(146, 'Ivana', 'Guljašević', 'Ž', '-'),
(147, 'Jasminka', 'Tihi Stepanić', 'Ž', '-'),
(148, 'Đurđica', 'Stuhlreiter', 'Ž', '-'),
(149, 'Melita', 'Rundek', 'Ž', '-'),
(150, 'Silvija', 'Šesto', 'Ž', '-'),
(151, 'Vjekoslava', 'Huljić', 'Ž', '-'),
(152, 'Tomislav', 'Zagoda ', 'M', '-'),
(153, 'Dario', 'Kukić', 'M', '-'),
(154, 'Pavao', 'Pavličić', 'M', '-'),
(155, 'Zoran ', 'Ferić', 'M', '-'),
(156, 'Kristian', 'Novak', 'M', '-'),
(157, 'Lea ', 'Čorak', 'Ž', '-'),
(158, 'Bojan', 'Krivokapić', 'M', '-'),
(159, 'Fuad', 'Hrustić', 'M', '-'),
(160, 'Monika', 'Herceg', 'Ž', '-'),
(161, 'Stamen', 'Milovanović', 'M', '-'),
(162, 'Davor', 'Ivankovac', 'M', '-'),
(163, 'Federica', 'Marzi', 'Ž', '-'),
(164, 'Mirjana', 'Likar-Bajželj', 'Ž', '-'),
(165, 'Denis', 'Peričić', 'M', '-'),
(166, 'Natalija', 'Miletić', 'Ž', '-'),
(167, 'Želimir', 'Periš', 'M', '-'),
(168, 'Darko', 'Macan', 'M', '-'),
(169, 'Jelena', 'Đokić', 'Ž', '-'),
(170, 'Vesna', 'Semaić', 'Ž', '-'),
(171, 'Ivana ', 'Peruško', 'Ž', '-'),
(172, 'Snježana', 'Pejović-Petraček', 'Ž', '-'),
(173, 'Bogislav', 'Marković', 'M', '-'),
(174, 'Martina', 'Gamboz', 'Ž', '-'),
(175, 'Igor', 'Grbić', 'M', '-'),
(176, 'Božica', 'Jelušić', 'Ž', '-'),
(177, 'Ivan ', 'Kutnjak', 'M', '-'),
(178, 'Denis', 'Peričić', 'M', '-'),
(179, 'Daniel', 'Načinović', 'M', '-'),
(180, 'Igor', 'Šipić', 'M', '-'),
(181, 'Tomislav Marijan', 'Bilosnić', 'M', '-'),
(182, 'Zvjezdana', 'Jembrih', 'Ž', '-'),
(183, 'Emilija', 'Kovač', 'Ž', '-'),
(184, 'Božidar', 'Brezinščak Bagola', 'M', '-'),
(185, 'Ivo', 'Kalinski', 'M', '-'),
(186, 'Božica', 'Pažur', 'M', '-'),
(187, 'Darko', 'Raškaj', 'M', '-'),
(188, 'Davor', 'Grgić', 'M', '-'),
(189, 'Zdenka', 'Maltar', 'M', '-'),
(190, 'Đurđa', 'Lovrenčić', 'Ž', '-'),
(191, 'Slobodan', 'Šnajder', 'M', '-'),
(192, 'Olja', 'Savičević Ivančević', 'Ž', 'Audio kauboju'),
(193, 'Sibila', 'Petlevski', 'Ž', 'Vrijeme laži'),
(194, 'Dalibor', 'Šimpraga', 'M', 'Anastasia'),
(195, 'Ivica', 'Đikić', 'M', 'Sanjao sam slonove'),
(196, 'Daniel', 'Novak', 'M', 'Ciganin, ali najljepši'),
(197, 'Kristian', 'Novak', 'M', 'Črna mati zemla'),
(198, 'Damir', 'Karakaš', 'M', 'Proslava'),
(199, 'Želimir', 'Periš', 'M', 'Mladenka kostonoga'),
(200, 'Tahira', 'Mujičić', 'Ž', 'Budi Hamlet, pane Hamlete'),
(201, 'Draga', 'Glamuzina', 'Ž', 'Tri'),
(202, 'Zoran', 'Malkoč', 'M', 'Roki raketa'),
(203, 'Slobodan', 'Šnajder', 'M', 'Doba mjedi'),
(204, 'Tomislav', 'Žigmanov', 'M', 'Minimum in Maximis: zapisi s ruba o nerubnome'),
(205, 'Mirko', 'Tomasović', 'M', 'Nove slike iz povijesti hrvatske književnosti'),
(206, 'Roman', 'Karlović', 'M', 'Melankolija imperia'),
(207, 'Dean', 'Duda', 'M', 'Hrvatski književni bajkomat'),
(208, 'Marko', 'Pogačar', 'M', 'Atlas glasova: antieseji'),
(209, 'Dunja', 'Detoni Dujmić', 'M', 'Lijepi prostori'),
(210, 'Marko', 'Grčić', 'M', 'Slijepi argus'),
(211, 'Pavao', 'Pavličić', 'M', 'Narodno veselje'),
(212, 'Marina', 'Šur Puhlovski', 'Ž', 'Književnost me iznevjerila: eseji s margine'),
(213, 'Ivica', 'Matičević', 'M', 'Mjera za priču: književno kritički ogledi o suvremenoj hrvatskoj prozi'),
(214, 'Jelena ', 'Lužina', 'Ž', 'Marija Crnobori: eseji o fragmentima'),
(215, 'Damir', 'Barbarić', 'M', 'Putokazi'),
(216, 'Zlatko', 'Kramarić', 'M', 'Sat hrvatskog, revizija prošlih sjećanja'),
(217, 'Leo', 'Rafolt', 'M', 'Virus in Fabula'),
(218, 'Božica', 'Jelušić', 'Ž', 'Kajogledi, vnebogledi'),
(219, 'Matija', 'Perković', 'M', 'Zaređeni Bar Bar'),
(220, 'Roberta', 'Nikšić', 'Ž', 'Otmica Europe'),
(221, 'Tina', 'Čatlajić', 'Ž', 'Muzej lomova'),
(222, 'Lea', 'Čorak', 'Ž', 'Šetnja šarenilom'),
(223, 'Bruno', 'Vučković', 'M', 'Dlanovi'),
(224, 'Mladen', 'Bjažić', 'M', '-'),
(225, 'Julio', 'Radilović', 'M', '-'),
(226, 'Borivoj', 'Dovniković', 'M', '-'),
(227, 'Žarko', 'Beker', 'M', '-'),
(228, 'Nedjeljko', 'Dragić', 'M', '-'),
(229, 'Oto', 'Reisinger', 'M', '-'),
(230, 'Rudi', 'Aljinović', 'M', '-'),
(231, 'Željko', 'Lordanić', 'M', '-'),
(232, 'Ninoslav', 'Kunc', 'M', '-'),
(233, 'Vjekoslav', 'Đaniš', 'M', '-'),
(234, 'Krešimir', 'Zimonić', 'M', '-'),
(235, 'Mirko', 'Ilić', 'M', '-'),
(236, 'Joško', 'Marušić', 'M', '-'),
(237, 'Zoran', 'Janjanin', 'M', '-'),
(238, 'Danijel', 'Bogdanović', 'M', '-'),
(239, 'Andrina ', 'Pušić', 'M', '-'),
(240, 'Igor', 'Rendić', 'M', '-'),
(241, 'Marija', 'Serdar', 'Ž', '-'),
(242, 'Goran', 'Gluščić', 'M', '-'),
(243, 'Jelena', 'Crnjaković', 'Ž', '-'),
(244, 'Dejan', 'Šiptar', 'M', '-'),
(245, 'Vanja', 'Spirin', 'M', '-'),
(246, 'Milena', 'Benini', 'Ž', '-'),
(247, 'Ana', 'Cerovac', 'Ž', '-'),
(248, 'Zoran', 'Vlahović', 'M', '-'),
(249, 'David', 'Kelečić', 'M', '-'),
(250, 'Darko', 'Macan', 'M', '-'),
(251, 'Tatjana', 'Jambrišak', 'M', '-'),
(252, 'Veronika', 'Santo', 'Ž', '-'),
(253, 'Ivan', 'Lutz', 'M', '-'),
(254, 'Jurica', 'Ranj', 'M', '-'),
(255, 'Torp', 'Moniantt', 'M', '-'),
(256, 'Damir', 'Hoyka', 'M', '-'),
(257, 'Zoran', 'Krušvar', 'M', '-'),
(258, 'Enver', 'Krivac', 'M', '-'),
(259, 'Tomica', 'Ščavina', 'M', '-'),
(260, 'Tanja ', 'Tolić', 'Ž', '-'),
(261, 'Ivana', 'Delač', 'Ž', '-'),
(262, 'Nives', 'Madunić Barišić', 'Ž', '-'),
(263, 'Vlatka', 'Planina', 'Ž', '-'),
(264, 'Krunoslav', 'Mikulan', 'M', '-'),
(265, 'Zdenko', 'Bašić', 'M', '-'),
(266, 'Vesna', 'Kurilić', 'Ž', '-'),
(267, 'E.K.', 'Botica', 'Ž', '-'),
(268, 'Sonja', 'Smolec', 'Ž', '-'),
(269, 'Tomislav', 'Beronić', 'M', '-'),
(270, 'Tamara', 'Bakran', 'Ž', '-'),
(271, 'Marsela ', 'Hajdinjak', 'Ž', '-'),
(272, 'Igor', 'Mandić', 'M', '-'),
(273, 'Hrvoje', 'Hitrec', 'M', '-'),
(274, 'Mirjana', 'Krizmanić', 'Ž', '-'),
(275, 'Ante', 'Tomić', 'M', '-'),
(276, 'Slavenka', 'Drakulić', 'Ž', '-'),
(277, 'Drago', 'Pilsel', 'M', '-'),
(278, 'Ivica', 'Prtenjača', 'M', '-'),
(279, 'Mani', 'Gotovac', 'Ž', '-'),
(280, 'Vesna', 'Oršulić', 'Ž', '-'),
(281, 'Boris', 'Kozjak', 'M', '-'),
(282, 'Eliša', 'Papić', 'M', '-'),
(283, 'Pero', 'Budija', 'M', '-'),
(284, 'Marina', 'Šuh Puhlovski', 'Ž', '-'),
(285, 'Vladimir', 'Papić', 'M', '-'),
(286, 'Ljiljana', 'Meštrić', 'Ž', '-'),
(287, 'Kristijan', 'Vujičića', 'M', '-'),
(288, 'Danil', 'Linić', 'M', '-'),
(289, 'Zlatko', 'Živković', 'M', '-'),
(290, 'Irena', 'Skopjak Barić', 'Ž', '-'),
(291, 'Tamara', 'Bilankov', 'Ž', '-'),
(292, 'Frančeska', 'Liebmann', 'Ž', '-'),
(293, 'Marina', 'Katinić', 'Ž', '-'),
(294, 'Ivana', 'Čagalj', 'Ž', '-'),
(295, 'Željko ', 'Božić', 'M', '-'),
(296, 'Ivan', 'Vuković', 'M', '-'),
(297, 'Silvija', 'Batur', 'Ž', '-'),
(298, 'Krešimir', 'Međeral', 'M', '-'),
(299, 'Gordan', 'Nuhanović', 'M', '-'),
(300, 'Vesna', 'Ploh', 'Ž', '-'),
(301, 'Hrvoje ', 'Ivančić', 'M', '-'),
(302, 'Ivan', 'Đogić', 'M', '-'),
(303, 'Siniša', 'Golub', 'M', '-'),
(304, 'Nataša', 'Možgon', 'Ž', 'Jesen'),
(305, 'Goran', 'Čolakhodžić', 'M', 'Fuga'),
(306, 'Tomislav', 'Augustinčić', 'M', 'Ikar'),
(307, 'Vasa', 'Radovanović', 'M', 'Zarobljenikova pesma'),
(308, 'Sonja', 'Breljak', 'Ž', '-'),
(309, 'Muniam', 'Alfaker', 'M', '-'),
(310, 'Iskra', 'Penava', 'Ž', '-'),
(311, 'Katja', 'Matković', 'Ž', '-'),
(312, 'Ružica', 'Gašperov', 'Ž', '-'),
(313, 'Natalija', 'Bajer', 'Ž', '-'),
(314, 'Nada', 'Starčević', 'Ž', '-'),
(315, 'Đurđa', 'Vukelić Rožić', 'Ž', '-'),
(316, 'Vuk', 'Ršumović', 'M', '-'),
(317, 'Svetlana', 'Lapšak', 'Ž', '-'),
(318, 'Dragan', 'Mirkovin', 'M', '-'),
(319, 'Oto', 'Horvat', 'M', '-'),
(320, 'Vladimir', 'Tabašević', 'M', '-'),
(321, 'Ivan', 'Lovrenović', 'M', '-'),
(322, 'Ivona', 'Juka', 'Ž', '-'),
(323, 'Slobodan', 'Šnajder', 'M', '-'),
(324, 'Hana', 'Jušić', 'Ž', '-'),
(325, 'Ivan', 'Čolović', 'M', '-'),
(326, 'Mirjana', 'Karanović', 'Ž', '-'),
(327, 'Damir', 'Ovčina', 'M', '-'),
(328, 'Josip', 'Mlakić', 'M', '-'),
(329, 'Kristina', 'Gavran', 'Ž', '-'),
(330, 'Sinan', 'Gudžević', 'M', '-'),
(331, 'Ivan', 'Salatić', 'M', '-'),
(332, 'Andrijana', 'Grgičević', 'Ž', 'Kako pravilno govoriti krivo: stručni skup za jezična skitanja'),
(333, 'Danijela', 'Pavlek', 'Ž', 'Knjiga recepata za pilotiranje kroz djetinjstvo'),
(334, 'Željko', 'Mavretić', 'M', 'Nije za zmajeve nebo cijelo'),
(335, 'Boris', 'Nazansky', 'M', 'Listalica od papira'),
(336, 'Sanja', 'Andabaka', 'Ž', 'Zaljubljeni tramvaj'),
(337, 'Iva', 'Dužić', 'Ž', 'Sve što vrijedi'),
(338, 'Hrvoje Marko', 'Peruzović', 'M', 'Nekoga moramo voljeti (kako na webu, tako i na zemlji)'),
(339, 'Bojan', 'Krištofić', 'M', 'Makroorganizmi'),
(340, 'Mladen', 'Blažević', 'M', 'Mogućnost povremenih oborina'),
(341, 'Lidija', 'Deduš', 'Ž', 'Razglednice iz prašnjave republike'),
(342, 'Senka', 'Kapitanović', 'Ž', '-'),
(343, 'Vanda', 'Petanjek', 'Ž', '-'),
(344, 'Milko', 'Valent', 'M', '-'),
(345, 'Anka', 'Žagar', 'Ž', '-'),
(346, 'Helena', 'Sablić Tomić', 'Ž', '-'),
(347, 'Julijana', 'Adamović', 'Ž', '-'),
(348, 'Borben', 'Vladović', 'M', '-'),
(349, 'Pero', 'Kvesić', 'M', '-'),
(350, 'Borivoje', 'Radaković', 'M', '-'),
(351, 'Milko', 'Valent', 'M', '-'),
(352, 'Sead', 'Begović', 'M', '-'),
(353, 'Marijana', 'Rukavina Jerkić ', 'Ž', '-'),
(354, 'Ana', 'Rajković', 'Ž', '-'),
(355, 'Jelena', 'Zlatar', 'Ž', '-'),
(356, 'Marina', 'Gudelj', 'Ž', '-'),
(357, 'Mira', 'Petrović', 'Ž', '-'),
(358, 'Filip', 'Rutić', 'M', '-'),
(359, 'Nikica', 'Petrak', 'M', 'Tiha knjiga'),
(360, 'Slavko', 'Mihalić', 'M', 'Pohvale praznom džepu'),
(361, 'Irena', 'Vrkljan', 'Ž', 'U koži moje sestre'),
(362, 'Nikola', 'Milićević', 'M', 'Nepovrat'),
(363, 'Branimir', 'Bošnjak', 'M', 'Semantička gladovanja'),
(364, 'Igor', 'Zidić', 'M', 'Strijela od stakla'),
(365, 'Dragutin', 'Tadijanović', 'M', 'Kruh svagdanji'),
(366, 'Tonko', 'Maroević', 'M', 'Trag roga ne bez vraga'),
(367, 'Tonči', 'Petrasov Marović', 'M', 'Moći ne govoriti'),
(368, 'Luko', 'Paljetak', 'M', 'Snižena vrata'),
(369, 'Vlado', 'Gotovac', 'M', 'Crna kazaljka'),
(370, 'Zvonimir', 'Golob', 'M', 'Rana'),
(371, 'Mate', 'Ganza', 'M', 'Knjiga bdjenja'),
(372, 'Dražen', 'Katunarić', 'M', 'Nebo/Zemlja'),
(373, 'Vladimir', 'Pavlović', 'M', 'Gral'),
(374, 'Dubravko', 'Horvatić', 'M', 'Ratna noć'),
(375, 'Boris', 'Biletić', 'M', 'Radovi na nekropoli'),
(376, 'Gordana', 'Benić', 'Ž', 'Lanterna magica'),
(377, 'Andriana', 'Škunca', 'Ž', 'Novaljski svjetlopis'),
(378, 'Mario', 'Suško', 'M', 'Versus exsul'),
(379, 'Ivan', 'Slaming', 'M', 'Ranjeni tenk'),
(380, 'Petar', 'Gudelj', 'M', 'Po zraku i po vodi'),
(381, 'Vesna', 'Parun', 'Ž', 'Suze putuju'),
(382, 'Alojz', 'Majetić', 'Ž', 'Odmicanje pučine'),
(383, 'Borben', 'Vladović', 'M', 'Tijat'),
(384, 'Željko', 'Knežević', 'M', 'Kopito trajnog konja'),
(385, 'Ante', 'Stamać', 'M', 'Vrijeme, vrijeme'),
(386, 'Miroslav', 'S. Mađer', 'M', 'Stihovi dugih naslova'),
(387, 'Tomislav Marijan', 'Bilosnić', 'M', 'Molitve'),
(388, 'Jakša', 'Fiamengo', 'M', 'Jeka'),
(389, 'Dunja', 'Detoni Dujmić', 'Ž', 'Tiha invazija'),
(390, 'Neda Miranda', 'Blažević Krietzman', 'Ž', 'Vezuvska vrata'),
(391, 'Vesna', 'Krmpotić', 'Ž', 'Žar-ptica'),
(392, 'Slavko', 'Jendričko', 'M', 'Evolucija ludila'),
(393, 'Ivan', 'Babić', 'M', 'Koncepcija vrta'),
(394, 'Drago', 'Čondrić', 'M', 'Sedam velikih biblijskih poema'),
(395, 'Ernest', 'Fišer', 'M', 'Preludij za anginu pectoris'),
(396, 'Milko', 'Valent', 'M', 'Otvorena rosa'),
(397, 'Božica', 'Jelušić', 'Ž', 'Kotačev slavopoj'),
(398, 'Drago', 'Štambuk', 'M', 'Angjeo s bakljom, Atahualpa'),
(399, 'Ivan', 'Klarić', 'M', 'Magnitude'),
(400, 'Krešimir', 'Bagić', 'M', 'Ponornice'),
(401, 'Evelina', 'Rudan', 'Ž', 'Smiljko i ja si mahnemo'),
(402, 'Dragan', 'Jurak', 'M', '-'),
(403, 'Tonči', 'Valentić', 'M', '-'),
(404, 'Tomislav', 'Žigmanov', 'M', '-'),
(405, 'Božidar', 'Alajbegović', 'M', '-'),
(406, 'Dunja', 'Detoni Dujmić', 'Ž', '-'),
(407, 'Ivica', 'Matičević', 'M', '-'),
(408, 'Davor', 'Šalat', 'M', '-'),
(409, 'Mario', 'Kolar', 'M', '-'),
(410, 'Ljerka', 'Car Matutinović', 'Ž', '-'),
(411, 'Branko', 'Čegec', 'M', '-'),
(412, 'Kornelija', 'Petr Balog', 'Ž', '-'),
(413, 'Sanjica', 'Faletar Tanacković', 'Ž', '-'),
(414, 'Boris', 'Badurina', 'M', '-'),
(415, 'Ivana', 'Martinović', 'Ž', '-'),
(416, 'Snježana', 'Stanarević Katavić', 'Ž', '-'),
(417, 'Slavko', 'Janevski', 'M', 'Mirakuli užasa'),
(418, 'Ivan', 'Aralica', 'M', 'Put bez sna'),
(419, 'Čedo', 'Prica', 'M', 'Ostavka'),
(420, 'Slavko', 'Mihalić', 'M', 'Tihe lomače'),
(421, 'Branimir', 'Donat', 'M', 'Studije i portreti o hrvatskim piscima'),
(422, 'Nedjeljko', 'Fabrio', 'M', 'Jadranska duologija - Vježbanje života - Berenikina kosa\r\n'),
(423, 'Dubravko', 'Horvatić', 'M', 'Olovna dolina'),
(424, 'Ivan', 'Bakmaz', 'M', 'Ozračje'),
(425, 'Stanko', 'Lasić', 'M', 'Krležologija I-VI'),
(426, 'Pavao', 'Pavličić', 'M', 'Nevidljivo pismo'),
(427, 'Nikica', 'Petrak', 'M', 'Ispadanje iz povijesti'),
(428, 'Goran', 'Tribuson', 'M', 'Zvijezda kabarea'),
(429, 'Zoran', 'Kravar', 'M', 'Stih i kontekst'),
(430, 'Ivo', 'Brešan', 'M', 'Astaroth'),
(431, 'Slobodan', 'Novak', 'M', 'Pristajanje'),
(432, 'Viktor', 'Žmegač', 'M', '-'),
(433, 'Marko', 'Grčić', 'M', 'Rijeli, riječi, riječi;'),
(434, 'Petar', 'Gudelj', 'M', 'Duša tilu'),
(435, 'Milan', 'Mirić', 'M', 'Eseji'),
(436, 'Boris', 'Senker', 'M', 'Uvod u suvremenu teatrologiju II.'),
(437, 'Jakša', 'Fiamengo', 'M', '-'),
(438, 'Cvjetko', 'Milanja', 'M', '-'),
(439, 'Ivan', 'Rogić Nehajev', 'M', '-'),
(440, 'Dubravko', 'Jelačić Bužimski', 'M', '-'),
(441, 'Nedjeljko', 'Fabrio', 'M', '-'),
(442, 'Ljerka', 'Car Matutinović', 'Ž', '-'),
(443, 'Sanja', 'Pilić', 'Ž', '-'),
(444, 'Pavao', 'Pavličić', 'M', '-'),
(445, 'Ludwig', 'Bauer', 'M', '-'),
(446, 'Miro', 'Gavran', 'M', '-'),
(447, 'Igor', 'Mandić', 'M', '-'),
(448, 'Ivan ', 'J. Bošković', 'M', '-'),
(449, 'Krunoslav', 'Pranjić', 'M', '-'),
(450, 'Boris', 'Senker', 'M', '-'),
(451, 'Ana', 'Lederer', 'Ž', '-'),
(452, 'Daniel', 'Načinović', 'M', '-'),
(453, 'Zvonimir', 'Mrkonjić', 'M', '-'),
(454, 'Ivica', 'Matičević', 'M', '-'),
(455, 'Pavao', 'Pavličić', 'M', '-'),
(456, 'Dražen', 'Katunarić', 'M', '-'),
(457, 'Nikica', 'Petrak', 'M', '-'),
(458, 'Goran', 'Tribuson', 'M', '-'),
(459, 'Željko', 'Ivanjek', 'M', '-'),
(460, 'Miljenko', 'Jergović', 'M', '-'),
(461, 'Renato', 'Baretić', 'M', '-'),
(462, 'Slobodan', 'Novak', 'M', '-'),
(463, 'Veljko', 'Barbieri', 'M', '-'),
(464, 'Mirko', 'Kovač', 'M', '-'),
(465, 'fra Bernardin', 'Škunca', 'M', '-'),
(466, 'Ivan', 'Aralica', 'M', '-'),
(467, 'Slobodan', 'Novak', 'M', '-'),
(468, 'Drago', 'Štambuk', 'M', '-'),
(469, 'Luko', 'Paljetak', 'M', '-'),
(470, 'Miroslav Slavko', 'Mađar', 'M', '-'),
(471, 'Maja', 'Sanković', 'Ž', '-'),
(472, 'Goran', 'Gatalica', 'M', '-'),
(473, 'Dražen', 'Katunarić', 'M', '-'),
(474, 'Marijana', 'Radmilović', 'Ž', '-'),
(475, 'Ivan', 'Rizmaul', 'M', '-'),
(476, 'Mile', 'Vidović', 'M', '-'),
(477, 'Stjepan', 'Krasić', 'M', '-'),
(478, 'Šime', 'Peričić', 'M', '-'),
(479, 'Maja', 'Stagličić', 'Ž', '-'),
(480, 'Zvjezdana', 'Raos', 'Ž', '-'),
(481, 'Glorija', 'Rabac-Čondrić', 'Ž', '-'),
(482, 'Lelja', 'Dobronić', 'Ž', '-'),
(483, 'Tomo', 'Šalić', 'M', '-'),
(484, 'Marijan', 'Grgić', 'M', '-'),
(485, 'Ivanuš', 'Pergošić', 'M', '-'),
(486, 'Radojica Fran', 'Barbaić', 'M', '-'),
(487, 'Ive ', 'Marendić', 'M', '-'),
(488, 'Viktorija', 'Šantić', 'Ž', '-'),
(489, 'Daniel', 'Bučan', 'M', '-'),
(490, 'Bosiljka', 'Brlečić', 'Ž', '-'),
(491, 'Truda', 'Stamać', 'Ž', '-'),
(492, 'Vlatka', 'Valentić', 'Ž', '-'),
(493, 'Damjan', 'Lalović', 'M', '-'),
(494, 'Tonko', 'Maroević', 'M', '-'),
(495, 'Dalibor', 'Blažina', 'M', '-'),
(496, 'Andy ', 'Jelčić', 'M', '-'),
(497, 'Irena', 'Lukšić', 'Ž', '-'),
(498, 'Vanda', 'Mikšić', 'Ž', '-'),
(499, 'Lara', 'Hölbling Matković', 'Ž', '-'),
(500, 'Željka', 'Somun', 'Ž', '-'),
(501, 'Marko', 'Gregorić', 'M', '-'),
(502, 'Leo', 'Kovač', 'M', '-'),
(503, 'Marin', 'Pelaić', 'M', '-'),
(504, 'Mario', 'Klaić\r\n', 'M', '-'),
(505, 'Dragan', 'Kovač', 'M', '-'),
(506, 'Teo', 'Antunović', 'M', '-'),
(507, 'Vanja', 'Škrobica', 'M', '-'),
(508, 'Zvonko', 'Jurčević', 'M', '-'),
(509, 'Ivan', 'Gaćina', 'M', '-'),
(510, 'Mia', 'Nemčić', 'Ž', '-'),
(511, 'Mario', 'Radunić', 'M', '-'),
(512, 'Nađan', 'Dumanić', 'M', '-'),
(513, 'Ivan', 'Mlačić', 'M', '-'),
(514, 'Zvonko', 'Jurčević', 'M', '-'),
(515, 'Marin', 'Buovac', 'M', '-'),
(516, 'Miro', 'Matijaš', 'M', '-'),
(517, 'Zlatko', 'Tomić', 'M', '-'),
(518, 'Stanko', 'Svalina', 'M', '-'),
(519, 'Anka', 'Mornar Deman', 'Ž', '-'),
(520, 'Biserka', 'Goleš Glasnović', 'Ž', '-'),
(521, 'Sunčica', 'Orešić', 'Ž', '-'),
(522, 'Josip', 'Petrlić Pjer', 'M', '-'),
(523, 'Zvonko', 'Jurčević', 'M', '-'),
(524, 'Biserka', 'Goleš Glasnović', 'Ž', '-'),
(525, 'Zdenka', 'Mlinar', 'Ž', '-'),
(526, 'Denis', 'Kožljan', 'M', '-'),
(527, 'Neven ', 'Bućan', '-', 'M'),
(528, 'Nikša', 'Krpetić', 'M', '-'),
(529, 'Goran', 'Gatalica', 'M', '-'),
(530, 'Marin', 'Pelaić', 'M', '-'),
(531, 'Denis', 'Peričić', 'M', '-'),
(532, 'Anita', 'Peričić', 'Ž', '-'),
(533, 'Fran', 'Strukan', 'M', '-'),
(534, 'David', 'Rotar', 'M', '-'),
(535, 'Neva', 'Panić', 'Ž', '-'),
(536, 'Patricija', 'Modrić', 'Ž', '-'),
(537, 'Luka', 'Delibašić', 'M', '-'),
(538, 'Vita', ' Vukušić', 'Ž', '-'),
(539, 'Kristina', 'Kasumović', 'Ž', '-'),
(540, 'Magdalena', 'Mrčela', 'Ž', '-'),
(541, 'Rosie', 'Kugli', 'Ž', '-'),
(542, 'Vlasta', 'Linić', 'Ž', '-'),
(543, 'Vesna', 'Ljubić Sammartino', 'Ž', '-'),
(544, 'Sebastijan Antonio ', 'Kukavica', 'M', '-'),
(545, 'Zdenka', 'Maltar', 'Ž', '-'),
(546, 'Kristina', 'Gavran', 'Ž', '-'),
(547, 'Ivan', 'Katičić', 'M', '-'),
(548, 'Danila ', 'Linić', 'Ž', '-'),
(549, 'Senka', 'Čorak', 'Ž', '-'),
(550, 'Marija', 'Dukić', 'Ž', '-'),
(551, 'Ivana', 'Josić', 'Ž', '-'),
(552, 'Ivana', 'Adlešić Pervan', 'Ž', '-'),
(553, 'Nada', 'Đerek', 'Ž', '-'),
(554, 'Mima', 'Juračak', 'Ž', '-'),
(555, 'Danila', 'Linić', 'Ž', '-'),
(556, 'Rosie', 'Kugli', 'Ž', '-'),
(557, 'Dunja', 'Tokić', 'Ž', '-'),
(558, 'Dragan', 'Mitić', 'M', '-'),
(559, 'Marko', 'Štrok', 'M', '-'),
(560, 'Marko', 'Pogačar', 'M', '-'),
(561, 'Ljuba', 'Lozančić', 'Ž', '-'),
(562, 'Kristina', 'Kegljen', 'Ž', '-'),
(563, 'Sandra', 'Obradović', 'Ž', '-'),
(564, 'Dijana', 'Stilinović', 'Ž', '-'),
(565, 'Marijo', 'Glavaš', 'M', '-'),
(566, 'Filip ', 'Žganjar', 'M', '-'),
(567, 'Luka', 'Mavretić', 'M', '-'),
(568, 'Alen', 'Brlek', 'M', '-'),
(569, 'Darko', 'Šeparović', 'M', '-'),
(570, 'Sebastian Antonio ', 'Kukavica', 'M', '-'),
(571, 'Lucija ', 'Butković', 'Ž', '-'),
(572, 'Monika', 'Herceg', 'Ž', '-'),
(573, 'Lana', 'Bojanić', 'Ž', '-'),
(574, 'Marija', 'Skočibušić', 'Ž', '-'),
(575, 'Antonio', 'Karlović', 'M', '-'),
(576, 'Josip', 'Čekolj', 'M', '-'),
(577, 'Zoran', 'Ferić', 'M', 'Anđeo u ofsajdu'),
(578, 'Miroslav', 'Kirin', 'M', 'Album'),
(579, 'Davor', 'Slamnig', 'M', 'Topli zrak'),
(580, 'Miljenko', 'Jergović', 'M', 'Dvori od oraha'),
(581, 'Boris', 'Dežulović', 'M', 'Christkind'),
(582, 'Roman', 'Simić', 'M', 'U što se zaljubljujemo'),
(583, 'Vlado', 'Bulić', 'M', 'Putovanje u srce hrvatskog sna'),
(584, 'Darko', 'Hudelist', 'M', 'Tuđman'),
(585, 'Nikica', 'Barić', 'M', 'Srpska pobuna u Hrvatskoj'),
(586, 'Dušan', 'Bilandžić', 'M', 'Povijest izbliza, memoarski zapisi 1945. – 2005.'),
(587, 'Denis', 'Peričić ', 'M', 'Sto pet godina samoće'),
(588, 'Stanko', 'Krnjić', 'M', 'Ratište riječi'),
(589, 'Irena', 'Skopljak Barić', 'Ž', '-'),
(590, 'Božidar', 'Brezinščak Bagola', 'M', '-'),
(591, 'Cvjetko', 'Lež', 'M', '-'),
(592, 'Andrea', 'Žigić-Dolenc', 'Ž', '-'),
(593, 'Snježana', 'Tramburovski', 'Ž', '-'),
(594, 'Dalibor', 'Šimpraga', 'M', 'Anastasia'),
(595, 'Drago', 'Glamuzina', 'M', 'Tri'),
(596, 'Sibila', 'Petlevski', 'Ž', 'Vrijeme laži'),
(597, 'Olja', 'Savičević Ivančević', 'Ž', 'Adio kauboju'),
(598, 'Ivica', 'Đikić', 'M', 'Sanjao sam slonove'),
(599, 'Tahir', 'Mujičić', 'M', 'Budi Hamlet, pane Hamlete'),
(600, 'Kristian', 'Novak', 'M', 'Črna mati zemla'),
(601, 'Zoran', 'Malkoč', 'M', 'Roki Raketa'),
(602, 'Slobodan', 'Šnajder', 'M', 'Doba mjedi'),
(603, 'Kristian', 'Novak', 'M', 'Ciganin, ali najljepši'),
(604, 'Dubravka', 'Ugrešić', 'Ž', 'Lisica'),
(605, 'Nikola', 'Petković', 'M', 'Put u Gonars'),
(606, 'Damir', 'Karakaš', 'M', 'Proslava'),
(607, 'Želimir', 'Periš', 'M', 'Mladenka Kostonoga'),
(608, 'Sanja', 'Iveković', 'Ž', 'A punch in the Eye'),
(609, 'Tomislav', 'Brlek', 'M', 'Tvrdi tekst'),
(610, 'Marko', 'Golub', 'M', 'Praksa teorije Matko Meštrović & dizajn\r\n'),
(611, 'Dejan', 'Kršić', 'M', 'Praksa teorije Matko Meštrović & dizajn'),
(612, 'Ora', 'Mušćet', 'Ž', 'Praksa teorije Matko Meštrović & dizajn'),
(613, 'Danijela', 'Lugarić Vukas', 'Ž', 'Pojmovnik ruske avangarde'),
(614, 'Roman', 'Simić', 'M', 'Iva, do Mjeseca i natrag'),
(615, 'Josip', 'Mlakić', 'M', 'Crni gavran i bijele vrane'),
(616, 'Damir', 'Karakaš', 'M', 'Sjećanje šume\r\n'),
(617, 'Jurica', 'Pavičić', 'M', 'Crvena voda'),
(618, 'Darko', 'Cvijetić', 'M', 'Schindlerov lift'),
(619, 'Marko', 'Gregur', 'M', 'Vošicki'),
(620, 'Gabrijela', 'Rakić', 'Ž', 'Žirafa Afa: u potrazi za srećom'),
(621, 'Kristina', 'Kasumović', 'Ž', 'Melkior i Čuvar svjetla'),
(622, 'Angela', 'Turkalj ', 'Ž', 'Melkior i Čuvar svjetla'),
(623, 'Dorja', 'Anić', 'Ž', 'Jedan dan'),
(624, 'Ivan', 'Stanišić ', 'M', 'Jedan dan'),
(625, 'Ivona', 'Šajatović', 'Ž', 'Čarobnjak Panjak i ptica čupalica'),
(626, 'Hana', 'Tintor ', 'Ž', 'Čarobnjak Panjak i ptica čupalica'),
(627, 'Ozana', 'Ramljak', 'Ž', 'Što će biti kad odraste'),
(628, 'Ivana', 'Crnošija Galović', 'Ž', 'Što će biti kad odraste'),
(629, 'Gordana', 'Lukačić', 'Ž', 'Kakav sam takav sam\r\n'),
(630, 'Saša', 'Jantolek ', 'M', 'Kakav sam takav sam'),
(631, 'Nina', 'Vađić', 'Ž', 'Crvena jabučica'),
(632, 'Ana', 'Kadoić', 'Ž', 'Crvena jabučica'),
(633, 'Sven Adam', 'Ewin', 'M', 'Jesenja dijagnoza autor '),
(634, 'Goran', 'Gatalica', 'M', 'Vitiznanski teštamentum'),
(635, 'Denis', 'Peričić', 'M', 'Tetoverani čovek'),
(636, 'Vladimir', 'Maleković', 'M', 'Bogomraki'),
(637, 'Boris', 'Senker', 'M', 'Pinta Nova'),
(638, 'Ivica', 'Jembrih', 'M', 'Na potu vu narkozu'),
(639, 'Željko', 'Funda', 'M', 'Ljudeki '),
(640, 'Vladimir', 'Korotaj', 'M', 'Quaero hominem (iliti) Iščem človeka'),
(641, 'Božica', 'Pažur', 'Ž', 'Manutekstura'),
(642, 'Ivo', 'Kalinski', 'M', 'Blindjerana pizza '),
(643, 'Stjepan Nino', 'Škrabe', 'M', 'Idu svati'),
(644, 'Zvonko', 'Kovač', 'M', 'Co, kaj? '),
(645, 'Željka', 'Skledar', 'Ž', 'Mam rada'),
(646, 'Darko', 'Raškaj', 'M', 'Ljimbuš spat spravlja… '),
(647, 'Božica', 'Brkan', 'Ž', 'Pevcov korak  / Kajkavski osebušek za EU'),
(648, 'Ernest', 'Fišer', 'Ž', 'Macbeth na fajruntu'),
(649, 'Barica', 'Pahić Grobenski', 'Ž', 'Kaj je naše pitanje i naš odgovor, naša duša i naša popievka '),
(650, 'Sanja', 'Damjan', 'Ž', 'Podfutrani mesec '),
(651, 'Božica', 'Jelušić', 'Ž', 'Ftič kesnokrič '),
(652, 'Tomislav', 'Ribić', 'M', 'Odhajanja '),
(653, 'Marko', 'Gregur', 'M', 'Kak je zgorel presvetli Trombetassicz'),
(654, 'Goran', 'Gatalica', 'M', 'Odsečeni od svetla'),
(655, 'Mirna', 'Weber', 'Ž', 'Gda z serca kapleju svetki'),
(656, 'Korana', 'Serdarević', 'Ž', 'Gušterov rep'),
(657, 'Krešimir', 'Bagić', 'M', 'Ponornice'),
(658, 'Marko', 'Pogačar', 'M', 'Knjiga praznika'),
(659, 'Tihana', 'Petrac Matijević', 'Ž', 'Identitet'),
(660, 'Sanja', 'Domenuš', 'Ž', 'Čistačica lignji');

-- --------------------------------------------------------

--
-- Table structure for table `dobitnici_nagrade`
--

CREATE TABLE `dobitnici_nagrade` (
  `id` int(11) NOT NULL,
  `id_dobitnika` int(11) NOT NULL,
  `id_nagrade` int(11) NOT NULL
) ENGINE=InnoDB DEFAULT CHARSET=utf8mb4;

--
-- Dumping data for table `dobitnici_nagrade`
--

INSERT INTO `dobitnici_nagrade` (`id`, `id_dobitnika`, `id_nagrade`) VALUES
(11, 1, 4),
(12, 1, 5),
(13, 4, 5),
(14, 5, 5),
(15, 6, 5),
(16, 7, 5),
(17, 8, 5),
(18, 9, 5),
(19, 10, 4),
(20, 11, 4),
(21, 12, 4),
(23, 14, 4),
(25, 13, 4),
(26, 15, 4),
(27, 16, 4),
(29, 18, 4),
(30, 17, 4),
(31, 19, 4),
(33, 21, 4),
(35, 20, 4),
(36, 22, 4),
(37, 23, 4),
(38, 24, 4),
(39, 25, 4),
(40, 26, 4),
(41, 27, 4),
(42, 28, 4),
(43, 29, 4),
(44, 30, 4),
(45, 31, 4),
(46, 32, 4),
(47, 33, 4),
(48, 34, 4),
(49, 35, 4),
(50, 36, 4),
(51, 37, 4),
(52, 38, 4),
(53, 39, 4),
(54, 40, 4),
(55, 41, 4),
(56, 42, 4),
(57, 43, 4),
(58, 44, 4),
(59, 45, 4),
(60, 46, 4),
(61, 47, 4),
(62, 48, 4),
(63, 49, 4),
(64, 50, 4),
(65, 51, 4),
(66, 52, 4),
(67, 53, 4),
(68, 54, 4),
(70, 56, 4),
(71, 57, 4),
(72, 58, 4),
(73, 59, 4),
(74, 60, 4),
(75, 61, 4),
(76, 62, 4),
(77, 63, 4),
(78, 64, 4),
(79, 55, 4),
(80, 65, 4),
(81, 66, 4),
(82, 67, 4),
(83, 68, 4),
(84, 69, 4),
(85, 70, 6),
(86, 71, 6),
(87, 72, 6),
(88, 73, 6),
(89, 74, 6),
(90, 75, 6),
(91, 76, 6),
(92, 77, 6),
(93, 78, 6),
(94, 79, 8),
(95, 80, 8),
(96, 81, 8),
(97, 82, 8),
(98, 83, 8),
(99, 84, 8),
(100, 85, 8),
(101, 86, 8),
(102, 87, 8),
(103, 88, 13),
(104, 89, 13),
(105, 90, 13),
(106, 91, 13),
(107, 92, 13),
(108, 93, 13),
(109, 94, 16),
(110, 95, 16),
(111, 96, 16),
(112, 97, 16),
(113, 98, 16),
(114, 99, 16),
(115, 100, 16),
(116, 101, 16),
(117, 102, 16),
(118, 103, 16),
(119, 104, 16),
(120, 105, 16),
(121, 106, 16),
(122, 107, 16),
(123, 108, 16),
(124, 109, 16),
(125, 110, 16),
(126, 111, 16),
(127, 112, 16),
(128, 113, 16),
(129, 114, 16),
(130, 115, 16),
(131, 116, 16),
(132, 117, 16),
(133, 118, 16),
(134, 119, 16),
(135, 120, 16),
(136, 121, 21),
(137, 122, 21),
(138, 123, 21),
(139, 124, 21),
(140, 125, 21),
(141, 126, 21),
(142, 127, 21),
(143, 128, 21),
(144, 129, 23),
(145, 130, 23),
(146, 131, 23),
(147, 132, 23),
(148, 133, 23),
(149, 134, 23),
(150, 135, 23),
(151, 136, 23),
(152, 137, 24),
(153, 138, 24),
(154, 139, 24),
(155, 140, 24),
(156, 141, 24),
(157, 142, 24),
(158, 143, 24),
(159, 144, 24),
(160, 145, 24),
(161, 146, 24),
(162, 147, 24),
(163, 148, 24),
(164, 149, 24),
(165, 150, 24),
(166, 151, 24),
(167, 152, 24),
(168, 153, 24),
(169, 154, 26),
(170, 155, 26),
(171, 156, 26),
(172, 157, 27),
(173, 158, 27),
(174, 159, 27),
(175, 160, 27),
(176, 161, 27),
(177, 162, 27),
(178, 163, 27),
(179, 164, 27),
(180, 165, 27),
(181, 166, 27),
(182, 167, 27),
(183, 168, 27),
(184, 169, 27),
(185, 170, 27),
(186, 171, 27),
(187, 172, 27),
(188, 173, 27),
(189, 174, 27),
(190, 175, 27),
(191, 176, 28),
(192, 177, 28),
(193, 178, 28),
(194, 179, 28),
(195, 180, 28),
(196, 181, 28),
(197, 182, 28),
(198, 183, 28),
(199, 184, 28),
(200, 185, 28),
(201, 186, 28),
(202, 187, 28),
(203, 188, 28),
(204, 189, 28),
(205, 190, 28),
(206, 191, 29),
(208, 192, 29),
(209, 193, 29),
(210, 194, 29),
(211, 195, 29),
(212, 196, 29),
(213, 197, 29),
(214, 198, 29),
(215, 199, 29),
(216, 200, 29),
(217, 201, 29),
(218, 202, 29),
(219, 203, 29),
(220, 204, 30),
(221, 205, 30),
(222, 206, 30),
(223, 207, 30),
(224, 208, 30),
(225, 209, 30),
(226, 210, 30),
(227, 211, 30),
(228, 212, 30),
(229, 213, 30),
(230, 214, 30),
(231, 215, 30),
(232, 216, 30),
(233, 217, 30),
(234, 218, 30),
(236, 220, 31),
(237, 219, 31),
(238, 221, 31),
(239, 222, 31),
(240, 223, 31),
(241, 224, 32),
(242, 225, 32),
(243, 226, 32),
(244, 227, 32),
(245, 228, 32),
(246, 229, 32),
(247, 230, 32),
(248, 231, 32),
(249, 232, 32),
(250, 233, 32),
(251, 234, 32),
(252, 235, 32),
(253, 236, 32),
(254, 237, 34),
(255, 238, 34),
(256, 239, 34),
(257, 240, 34),
(258, 241, 34),
(259, 242, 34),
(260, 243, 34),
(261, 244, 34),
(262, 245, 34),
(263, 246, 34),
(264, 247, 34),
(265, 248, 34),
(266, 249, 34),
(267, 250, 34),
(268, 251, 34),
(269, 252, 34),
(270, 253, 34),
(271, 254, 34),
(272, 255, 34),
(273, 256, 34),
(274, 257, 34),
(275, 258, 34),
(276, 259, 34),
(277, 260, 34),
(278, 261, 34),
(279, 262, 34),
(280, 263, 34),
(281, 264, 34),
(282, 265, 34),
(283, 266, 34),
(284, 267, 34),
(285, 268, 34),
(286, 269, 34),
(287, 270, 34),
(288, 271, 34),
(289, 272, 35),
(290, 273, 35),
(291, 274, 35),
(292, 275, 35),
(293, 276, 35),
(294, 277, 35),
(295, 278, 35),
(296, 279, 35),
(297, 280, 38),
(298, 281, 38),
(299, 282, 38),
(300, 283, 38),
(301, 284, 38),
(302, 285, 38),
(303, 286, 38),
(304, 287, 38),
(305, 288, 38),
(306, 289, 38),
(307, 290, 38),
(308, 291, 38),
(309, 292, 44),
(310, 293, 44),
(311, 294, 44),
(312, 295, 44),
(313, 296, 45),
(314, 297, 45),
(315, 298, 45),
(316, 299, 45),
(317, 300, 45),
(318, 301, 45),
(319, 302, 45),
(320, 303, 45);

-- --------------------------------------------------------

--
-- Table structure for table `nagrade`
--

CREATE TABLE `nagrade` (
  `id_nagrade` int(6) NOT NULL,
  `naziv_nagrade` varchar(255) NOT NULL,
  `organizator` varchar(255) DEFAULT NULL,
  `god_dodjele` int(4) DEFAULT NULL,
  `ucestalost` varchar(255) NOT NULL,
  `vise_informacija` text NOT NULL,
  `url_link` text NOT NULL
) ENGINE=InnoDB DEFAULT CHARSET=utf8;

--
-- Dumping data for table `nagrade`
--

INSERT INTO `nagrade` (`id_nagrade`, `naziv_nagrade`, `organizator`, `god_dodjele`, `ucestalost`, `vise_informacija`, `url_link`) VALUES
(1, 'Nagrada Grada Zagreba', 'Grad Zagreb', 1955, 'Godišnja, nije se dodjeljivala 1990.-1992. te 1999. g.', '/', 'https://www.zagreb.hr/dosadasnji-dobitnici/994'),
(2, 'Vladimir Nazor', 'Ministarstvo kulture', 1959, 'Godišnja', '/', 'https://min-kulture.gov.hr/o-ministarstvu/djelatnosti/nagrade-u-kulturi/nagrada-vladimir-nazor/16565'),
(3, 'Drago Gervais', 'Grad Rijeka', 1961, 'Do 1974 svake, a nakon toga svake druge godine', '20000 kn za svaku kategoriju i posebno priznanje. Neobjavljeno djelo ima pravo i na objavu uz novčanu nagradu.', 'https://www.rijeka.hr/teme-za-gradane/kultura-2/nagrade-i-potpore/nagrade/knjizevna-nagrada-drago-gervais/'),
(4, 'Ranko Marinković', 'Večernji list', 1966, 'Godišnja', 'Tri nagrade - 20 000, 8 000 i 5 000 kn', 'https://min-kulture.gov.hr/vijesti-8/dodijeljene-nagrade-56-natjecaja-za-najbolju-kratku-pricu-ranko-marinkovic/23075'),
(5, 'Grigor Vitez', 'Savez društava Naša djeca Hrvatske', 1967, 'Jednom godišnje', 'Novčani iznos, diploma, statua ptica kiparice Ksenije Katoci', 'https://savez-dnd.hr/sto-radimo/nagrada-grigor-vitez/'),
(6, 'Goranov Vijenac', 'Goranovo proljeće', 1971, 'Od 2019. dodjeljuje se svake druge godine', 'Novčani iznos, plaketa, vijenac', 'https://igk.hr/gp/nagrade/goranov-vijenac/'),
(7, 'Ivana Brlić-Mažuranić', 'Školska Knjiga', 1971, 'Jednom godišnje do 2001. godine', 'Diploma, novčani iznos, statua Gita i Hlapić kipara Želimira Janeša', 'https://www.usvijetubajki.org/ivana-brlic-mazuranic/nagrada-ivana-brlic-mazuranic'),
(8, 'Goran za mlade pjesnike', 'Goranovo proljeće', 1977, 'Uglavnom godišnja, ponekad se ne dodjeljuje', 'Objava u uglednoj biblioteci Novi hrvatski pjesnici', 'https://igk.hr/natjecaj-goran-za-mlade-pjesnike-2/'),
(9, 'Ksaver Šandor Gjalski', 'Društvo hrvatskih književnika i grad Zabok', 1979, 'Od 1985 svake godine', 'Dodjeljuje se novčani iznos, financira Ministarstvo kulture i grad Zabok.', 'http://dhk.hr/nagrade-knjizevnika/nagradeni-knjizevnici/nagrada-ksaver-sandor-gjalski-popis-dosadasnjih-dobitnika'),
(10, 'Sfera', 'Društvo za znanstvenu fantastiku SFera', 1981, 'Godišnja', 'Dodjeljuje se plaketa i posebno izrađena pločica s imenom autora, nazivom djela i godinom lijepi se na skulpturu SFera.', 'https://sfera.hr/nagrada-sfera/nagrada/'),
(11, 'Visoka žuta žita', 'Pjesnički susret u Drenovcima', 1986, 'Godišnja', 'https://hr.wikipedia.org/wiki/Pjesni%C4%8Dki_susreti_u_Drenovcima', '/'),
(12, 'Marin Držić', 'Ministarstvo kulture RH', 1991, 'Godišnja', 'Prva nagrada 40.000,00 kn, druga nagrada 30.000,00 kn, a treća 20.000,00 kn i brončane skulpture umjetnika Damira Mataušića.', 'https://min-kulture.gov.hr/izdvojeno/izdvojena-lijevo/kulturne-djelatnosti-186/dramske-umjetnosti-188/nagrada-za-dramsko-djelo-marin-drzic/297'),
(13, 'Fra Lucijan Kordić', 'Društvo hrvatskih književnika', 1993, 'Dodjela je neučestala (1996, 2000, 2006, 2010, 2014,) po novim odlukama, svake 4 godine (sljedeća dodjela bila je 2018. godine)', '/', 'http://dhk.hr/nagrade-knjizevnika/nagradeni-knjizevnici/nagrada-fra-lucijan-kordic'),
(14, 'Mato Lovrak', 'Lovrakovi dani kulture', 1993, 'Jednom godišnje', 'Daruje se povelja i novčani iznos.', 'https://www.kgz.hr/hr/knjiznice/hrvatski-centar-za-djecju-knjigu/hrvatske-nagrade-za-djecju-knjigu-7431/nagrada-mato-lovrak-7441/7441'),
(15, 'Nagrada Hrvatske akademije znanosti i umjetnosti', 'HAZU', 1994, 'Godišnja', 'Dobitnik ostvaruje mjesečni boravak u kući pisaca i 1 000 eura.', 'https://www.info.hazu.hr/nagrade-i-natjecaji/odbor-za-nagrade-hazu/'),
(16, 'Albatros', 'Pučko otvoreno učilište Velika Gorica', 1995, 'Godišnja', 'Autor dobiva nekoliko primjeraka objavljene knjige, plaketa i novčani iznos.', '/'),
(17, 'Josip i Ivan Kozarac', 'DHK, Vukovarsko-srijemska županija', 1995, 'Godišnja', 'Autor dobiva brončane odljevies likovima Kozaraca, a za Povelju uspješnosti pisanu povelju.', 'http://dhk.hr/novosti/detaljnije/dodijeljene-nagrade-josip-i-ivan-kozarac'),
(18, 'Kvirinovi poetski susreti', 'Matica Hrvatska Sisak', 1997, 'Godišnja', 'Auto dobiva plaketu sv. Kirina', 'https://mvinfo.hr/clanak/27-kvirinovi-poetski-susreti'),
(19, 'Nagrade Dana hrvatske knjige (Slavić, Judita, Davidias)', 'Društvo hrvatskih književnika', 1997, 'Jednom godišnje, na Dan hrvatske knjige (22.4)', 'Autor dobiva novčani iznos i povelju.', 'http://dhk.hr/nagrade-knjizevnika/nagradeni-knjizevnici/nagrade-dana-hrvatske-knjige-davidias-judita-slavic'),
(20, 'Nagrada za najbolji neobjavljeni roman godine', 'V.B.Z.', 2002, 'Godišnja', 'Autor dobiva 100 000 HRK i objavljivanje rukopisa', 'https://mvinfo.hr/clanak/v-b-z-raspisuje-natjecaj-za-najbolji-neobjavljeni-roman-2023'),
(21, 'Iso Velikanović', 'Ministarstvo kulture RH', 2005, 'Godišnja', 'Autor dobiva povelju, medalju i novčani iznos.', 'https://min-kulture.gov.hr/eu-kultura/izdvojena-lijevo/kulturne-djelatnosti-186/knjiga-i-nakladnistvo/nagrada-iso-velikanovic/519'),
(22, 'Kratka kajkavska proza', 'Časopis Kaj', 2005, 'Godišnja', 'Izabrane proze se objavljuju u časopisu.', '/'),
(23, 'Ovca u kutiji', 'Knjiga u centru, ranije Autorska kuća', 2005, 'Jednom godišnje', 'Autor dobiva skulpturu Ovca u kutiji i put na sajam dječje knjige u Bologni', 'https://www.kgz.hr/hr/knjiznice/hrvatski-centar-za-djecju-knjigu/hrvatske-nagrade-za-djecju-knjigu-7431/nagrada-ovca-u-kutiji-7443/7443'),
(24, 'Anto Gardaš', 'Društvo hrvatskih književnika', 2006, 'Godišnja', 'Autor dobiva povelju i novčani iznos od 10 000 kn', 'http://dhk.hr/novosti/detaljnije/nagrada-anto-gardas1'),
(25, 'Dragan Plamenac', 'Hrvatsko muzikološko društvo', 2006, 'Godišnja te za životno djelo', '/', 'http://www.hmd-music.hr/subhtml/plamenac.php'),
(26, 'Fran Galović', 'Grad Koprivnica/DHK Podravsko-prigorski ogranak', 2006, '/', 'Autor dobiva diplomu i novčani iznos', 'https://koprivnica.hr/novosti/natjecaj-za-nagradu-fran-galovic-2023/'),
(27, 'Lapis Histriae', 'Forum Tomizza', 2006, 'Svake godine', 'Autor dobiva novčanu nagradu i artefakt kipara Ljube de Karine.', 'https://www.zvonainari.hr/single-post/natje%C4%8Daj-za-kratku-pri%C4%8Du-lapis-histriae-2023-karneval-bez-granica'),
(28, 'Dani Franje Horvata Kiša', 'Općina Lobor ', 2007, 'Godišnja', 'Autora dobiva novčani iznos te umjetničku sliku. ', '/'),
(29, 'roman@tportal.hr', 'tportal.hr', 2007, 'Godišnja', 'Dobiva se novčana nagrada - početni iznos 100 000 kn, a posljednje 3 godine iznosi 50 000 kn. Dobiva se i skulptura tipkovnice i tablet.', 'https://www.tportal.hr/tag/knjizevna-nagrada-tportala'),
(30, 'Zvane Črnja', 'Društvo hrvatskih književnika', 2007, 'jednom godišnje', 'Autor dobiva plaketu i novčani iznos.', 'http://dhk.hr/nagrade-knjizevnika/nagradeni-knjizevnici/nagrada-zvane-crnja'),
(31, 'Milivoj Cvetnić', 'Društvo prijatelja knjige Milivoj Cvetnić', 2008, 'Godišnja', 'Dobiva se plaketa i tiskanje zbirke pjesama.', 'https://www.booksa.hr/vijesti/natjecaji/natjecaj-za-knjizevnu-nagradu-milivoj-cvetnic'),
(32, 'Andrija Maurović', 'Art 9 (udruga za očuvanje baštine i popularizaciju hrvatskog stripa)', 2009, 'Godišnja', 'Autora dobiva specijalno dizajniranu diplomu i prigodni deplian.', 'https://mvinfo.hr/pretraga?tematika=nagrada-andrija-maurovic'),
(33, 'Mali Marulić', 'Gradsko kazalište lutaka Split i festival Mali Marulić', 2009, 'Svake godine', 'Dobiju se tri nagrade, svaka se sastoji od plakete, skulpture i novčane nagrade (15 000, 10 000 i 6 000 kn)', 'https://gkl-split.hr/marulic'),
(34, 'Artefakt', 'Udruga 3. zmaj', 2010, 'Godišnja', 'Izgled nagrade mijenja se svake godine, a za njega je zaslužan mladi umjetnik Tonko Vukonić.', 'https://www.3zmaj.hr/artefakt'),
(35, 'BOOKtiga', 'Gradska knjižnica Poreč', 2011, 'Pretpostavka je da je godišnja', 'Osim prigodnog priznanja, sedmodnevnog boravka u Kući za pisce/Hiži od besid u Pazinu, autor najčitanije knjige dobiva i novčanu nagradu.', 'https://www.culturenet.hr/hr/booktiga-2023-u-porecu/193194'),
(36, 'Ivan vitez Trnski', 'Društvo hrvatskih književnika', 2011, '/', 'Autor dobiva pravo na objavljivanje nagrađenog rukopisa i promotivne aktivnosti vezane uz objavljivanje.', 'http://dhk.hr/natjecaji/detaljnije/natjecaj-ivan-vitez-trnski1'),
(37, 'Edo Budiša', 'Istarska županija', 2012, 'Jednom godišnje', 'Dobiva se mjesečni boravak u kući pisaca i 1 000 eura.', 'https://www.kucazapisce.hr/3464/nagrada-edo-budisa-natjecaj-2-2/'),
(38, 'Kratka priča muzeja anđela', 'Muzej anđela', 2012, 'Godišnja', 'Dobiju se slikarski radovi Željka Prsteca.', 'https://angelusmuseum.com/category/kratka-prica/'),
(39, 'Najbolja kratka priča strave', 'Mala performerska scena/Freaky Friday', 2012, 'Prva dodijeljena 2012., druga 2015.g.', 'Prva tri mjesta dobivaju 2 000, 1 000 i 500 kn, a objavljuje se zbirka najboljih priča koje su primljene putem natječaja.', 'https://kulturpunkt.hr/natjecaj/poziv-na-sudjelovanje/kratka-prica-strave/'),
(40, 'Teatar.hr', 'teatar.hr', 2012, 'Godišnja', '/', 'https://www.wikiwand.com/sh/Teatar.hr_Nagrada_Publike'),
(41, 'metaFORA', 'Knjižnica Vladimira Nazora Zagreb', 2013, 'Godišnja', 'Autor dobiva uprizorenje najboljih priča.', 'https://www.kgz.hr/hr/dogadjanja/zelena-metafora-2023-nagradjeni/63396'),
(42, 'Višnja Machiedo', 'P.E.N. centar', 2013, 'Godišnja', 'Dobiva se 10 000 kn i plaketa.', 'https://kulturpunkt.hr/natjecaj/ostali/nagrada-visnja-machiedo-0/'),
(43, 'Zvonko', 'Hrvatsko društvo književnika za djecu', 2013, 'Godišnja', 'Dobiva se medalja \"Zvonko\", tisak rukopisa i 100 autorskih primjeraka.', 'https://www.kgz.hr/hr/knjiznice/hrvatski-centar-za-djecju-knjigu/hrvatske-nagrade-za-djecju-knjigu-7431/nagrade-hrvatskog-drustva-knjizevnika-za-djecu-i-mlade/zvonko/54838'),
(44, 'Anđelko Novaković', 'Zaklada NSK', 2014, 'Godišnja', 'Ostvaruje se objavljivanje zbirke pjesama, plaketa i novčani iznos (10 000 kn).', 'https://booksa.hr/vijesti/vijesti/laureat-nagrade-andjelko-novakovic'),
(45, 'Dijana Klarić', 'Hrvatski klub putnika', 2014, 'Jednom godišnje', 'Dobije se drvena statua u obliku spirale, nosi više značenja. Statuu izrađuje Milena Mikulandra. Ne postoji novčani dio nagrade. ', 'https://booksa.hr/vijesti/natjecaji/natjecaj-za-nagradu-dijana-klaric'),
(46, 'Janko Polić Kamov', 'Hrvatsko društvo pisaca', 2014, 'Godišnja', 'Dobitnici: Luka Bekavac, Marko Dejanović, Ivana Rogar, Zoran Roško, Igor Mandić, Borivoj Radaković, Neven Ušumović', 'https://www.culturenet.hr/hr/nagrada-janko-polic-kamov/53528'),
(47, 'Najbolja priča FEKP-a', 'Festival europske kratke priče/Centar za kreativno pisanje', 2014, 'Godišnja', 'Dobiva se za za tri mjesta, 2016: put i smještaj u Ventspilsu u Latviji; dvotjedni boravak u splitskoj rezidenciji za pisce udruge Kurs; pohađanje ljetne škole pisanja CeKaPe.', 'https://hrvatskodrustvopisaca.hr/hr/novosti/natjecaj-fekp-za-najbolju-kratku-pricu'),
(48, 'Petrarca Fest', '/', 2014, '/', 'Dobiva se nagradni fond knjiga (HKD i Ljevak).', 'https://www.culturenet.hr/petrarca-fest-natjecaj/48136'),
(49, 'Goran Bujić', 'Hrvatsko književno društvo', 2015, 'Godišnja', 'Dobiva se diploma i umjetnička slika.', 'http://film-mag.net/wp/?p=37437'),
(50, 'Marijina nagrada', 'Muzej Anđela', 2015, 'Godišnja', 'Autor dobiva 1000 kn.', '/'),
(51, 'Mirko Kovač', 'Udruga  Mirko Kovač', 2015, 'Godišnja', 'Dobiva se povelja i 5 000 €.', '/'),
(52, 'Stjepan Kranjčić', 'Udruga za promicanje znamenitih Križevčana \"Dr. Stjepan Kranjčić\"', 2009, 'Godišnja', 'Autor dobiva dio radova objavljen u zborniku \"Zora nebom zarudjela\".', 'https://kranjcic.hr/?cat=34'),
(53, 'Kitica', 'Hrvatsko društvo književnika za djecu i mlade', 2016, 'Godišnja', 'Autor dobiva tiskano izdanje rukopisa, 30 autorskih primjeraka, statua \"Kitica\" i 1000 kn.', 'http://www.hdkdm-klubprvihpisaca.hr/natjecaj-kitica/'),
(54, 'Post Scriptum', 'Udruga Kultipraktik', 2016, '/', 'Nagrada se dodjeljuje na KaLibar bestivalu u Varaždinu, a sastoji se od nastupa na bestivalu, priznanja i objave knjige kod uglednog izdavača (Jesenski i Turk) sa svim pripadajućim autorskim pravima, te eventualno od sponzorskih financijskih i robnih donacija.', 'https://kritika-hdp.hr/dogadjaji/nagrada-post-scriptum-za-knjizevnost-na-drustvenim-mrezama-2022-23/'),
(55, 'Stipan Bilić-Prcić', '/', 2016, 'Godišnja', '/', '/'),
(56, 'Zvonimir Milčec', 'Gornjogradski književni festival i obitelj Milčec', 2016, 'Godišnja', 'Dobiva se statua Šetra Hranuellija \"Oskarovka\" i plaketa u obliku Milčecove lule; statua i fotografija Maksa Juhasza.', '/'),
(57, 'Sedmica i Kritična masa', 'Časopis Kritična Masa', 2015, 'Godišnja', 'Autor dobiva 5000 kn bruto i plaketu.', 'https://www.kriticnamasa.com/item.php?id=698'),
(58, 'Tin Ujević', 'Društvo hrvatskih književnika', 1981, 'Jednom godišnje', '/', 'http://dhk.hr/nagrade-knjizevnika/nagradeni-knjizevnici/nagrada-tin-ujevic'),
(59, 'Julije Benešić', 'Društvo hrvatskih književnika Ogranak slavonsko-baranjsko-srijemski i Matica hrvatska Ogranak Đakovo', 1998, 'Godišnja', 'Dobiva se novčani iznos i povelja s likom Julija Benešića.', 'http://dhk.hr/natjecaji/detaljnije/natjecaj-julije-benesic1'),
(60, 'Eva Verona', 'Hrvatsko knjižničarsko društvo', 1998, '/', 'Poticajna nagrada', 'https://info-nik.info/2022/05/06/hrvatsko-knjiznicarsko-drustvo-objavljen-javni-poziv-na-predlaganje-kandidata-za-dodjelu-nagrade-eva-verona/'),
(61, 'Miroslav Krleža', 'Društvo hrvatskih književnika', 1986, 'Do 1991.g. svake godine, nakon toga jednom svake dvije godine.', 'Nagrada se financira iz sredstava ostvštine Miroslava Krleže. ', 'http://dhk.hr/nagrade-knjizevnika/nagradeni-knjizevnici/nagrada-fonda-miroslav-krleza'),
(62, 'Dubravko Jelačić Bužimski...', 'Jadranski književni susreti', 2013, 'Godišnja', 'Dobiva se povelja i skulptura sunca koje izranja iz morskih valova te rad akademske kiparice Suzane Kljuš.', '/'),
(63, 'Antun Gustav Matoš', 'Matica hrvatska', 1999, 'Godišnja', 'Autor dobiva novčanu nagradu.', 'https://www.matica.hr/vijenac/243/nagrada-matice-hrvatske-antun-gustav-matos-12330/'),
(64, 'August Šenoa', 'Matica hrvatska', 1999, 'Godišnja', '/', 'https://www.wikiwand.com/sh/Nagrada_August_%C5%A0enoa'),
(65, 'Dragutin Tadijanović', 'Zaklada HAZU', 2008, 'Godišnja', 'Autor dobiva novčanu nagradu (20 000 kn).', 'http://dhk.hr/novosti/detaljnije/nagrada-dragutin-tadijanovic'),
(66, 'Ivan Kukuljević Sakcinski', 'Matica hrvatska', 0, '/', '', 'https://www.matica.hr/vijenac/243/nagrada-matice-hrvatske-ivan-kukuljevic-sakcinski-12326/'),
(67, 'Josip Tabak - za najbolje prijevode', 'Društvo hrvatskih književnih prevodilaca', 2012, 'Jednom godišnje', 'Autor dobiva priznanje i novčani iznos sukladno godišnjem proračunu.', 'https://www.culturenet.hr/hr/nagrade-josip-tabak-za-najbolje-prijevode/49723'),
(68, 'Kaštelanske štorije', 'Gradska knjižnica Kaštela', 2012, 'Jednom godišnje', 'Objava u Zborniku Kaštelanske Štorije', 'https://kritika-hdp.hr/dogadjaji/kastelanske-storije-2023-literarno-likovni-natjecaj-na-temu-kastela/'),
(69, 'Kiklop', 'Sa(n)jam knjige u Istri', 2004, 'Godišnja', 'Autor dobiva statuu Kiklopa.', 'https://www.kgz.hr/hr/knjiznice/hrvatski-centar-za-djecju-knjigu/hrvatske-nagrade-za-djecju-knjigu-7431/nagrada-kiklop-7442/7442'),
(70, 'Mjesto radnje: Makarska', 'Gradska knjižnica Makarska', 0, '/', 'Prvo mjesto dobiva novčanu nagradu od 1 000 kn.', 'https://makarska.hr/novosti/javni-poziv-za-podnosenje-inicijativa-za-dodjelu-javnih-priznanja-grada-makarske-u-2023-godini'),
(71, 'Mladi lav', 'Crtani romani šou', 0, 'Godišnja', 'Dodjeljuje se u dvije dobne kategorije, do 10 godina te od 11 do 15 godina.', 'https://zagrebcomiccon.com/natjecaj-mladi-lav-2023/'),
(72, 'Nagrada Stjepko Težak / Moje drago srce', 'Matica hrvatska Ozalj/GKiČ Ivan Belostenac Ozalj', 2014, 'Godišnja', 'Autor dobiva novčanu nagradu. Za 1. mjesto 5 000 kn, 2. mjesto 3 000 kn, 3. mjesto 1 500 kn.', 'https://www.matica.hr/zbivanja/moje-drago-serce-2021-dodjela-nagrade-stjepko-tezak-3117/'),
(73, 'Na vrh jezika', 'Udruga Kultipraktik', 2004, 'Godišnja', 'Autor dobiva pravo na objavu zbirke poezije, Na vrh jezika prsten, diplome i pretplatnički paket na časopise.', 'https://booksa.hr/vijesti/natjecaji/natjecaji-na-vrh-jezika-i-prozak'),
(74, 'Nagrada Jutarnjeg lista', 'Jutarnji list', 2000, '/', 'Autor dobiva 50 000 kn i skulptura kipara Daniela Kovača.', 'https://www.booksa.hr/u-fokusu/knjizevne-nagrade-jutarnji-list'),
(75, 'Nagrada pasionske baštine', 'DHK i Udruga Hrvatska pasionska baština', 2016, 'Svake treće godine', '/', 'https://matis.hr/dogadanja/nagrade-pasionske-bastine/'),
(76, 'Natječaj za rukopis romana za djecu i mlade', 'Društvo hrvatskih književnika', 0, '/', '/', 'https://kulturistra.hr/2015/12/natjecaj-za-rukopis-romana-za-djecu-i-mlade/'),
(77, 'Neretvanska maslina', 'GKIČ Opuzen i Društvo hrvatskih književnika', 0, '/', 'Autor dobiva pisani dokument, novčani iznos (nenaveden) te ekološke neretvanske proizvode (maslinovo ulje i vino).', 'http://dhk.hr/natjecaji/detaljnije/nagrada-neretvanska-maslina'),
(78, 'Priča se (p)o gradu', 'Gradska knjižnica Trogir', 0, '/', 'Postoje 3 nagrade - 1. nagrada  2 000 kn, 2. nagrada 1 000 kn, 3. nagrada 500 kn.', 'https://www.centarkulture.com/natjecaj-za-kratku-pricu-prica-se-po-gradu/'),
(79, 'Prozak', 'Udruga Kultipraktik', 0, '/', 'Autor dobiva pravo na objavu zbirke priča sa svim pripadnim autorskim pravima u izdanju naklade Jesenski i Turk, Prozak prsten, diplome i pretplatničkog paketa na časopise Quorum, Tema i Zarez.', 'https://booksa.hr/vijesti/natjecaji/natjecaji-na-vrh-jezika-i-prozak'),
(80, 'Rikard Jorgovanić', 'Hrvatsko zagorsko književno društvo / Općina Hum na Sutli', 0, '/', '/', 'http://dhk.hr/dogadanja/hrvatska/nagrada-rikard-jorgovanic'),
(81, 'Tea Benčić Rimay', 'Narodna knjižnica i  čitaonica Vlado Gotovac Sisak', 2019, '/', 'Autor dobiva pravo na objavljivanje rukopisa i 3 000 kn.', 'https://www.booksa.hr/vijesti/natjecaji/knjizevna-nagrada-tea-bencic-rimay'),
(82, 'T-portalova književna nagrada', 'Hrvatski Telekom - tportal.hr', 2008, 'Godišnja', 'Autor dobiva 50 000 kn i statuu u obliku tipkovnice.', 'https://www.tportal.hr/specijal/knjizevna-nagrada-tportala'),
(83, 'Libar za vajk', 'Udruga Sanjam knjige u Istri', 2020, 'Godišnja', 'Autor dobiva novčani iznos od 5 000 kn i skulpturu nagrade dobit će i autor i nakladnik nagrađenog djela.', 'http://arhiva.sanjamknjige.hr/hr/2017/programi/nagrade/nagrada-libar-za-vajk/'),
(84, 'Balkan Noir', 'Biblioteka Balkan Noir', 2018, 'Godišnja', 'Autor dobiva novčani iznos od 100 000 kn.', '/'),
(85, 'Fric', 'Tjednik Express', 2018, 'Godišnja', 'Autor dobiva novčani iznos od 75 000 kn.', 'https://mvinfo.hr/clanak/nagrada-fric-2022-2023-poziv-izdavacima-i-autorima'),
(86, 'Piširiši', 'Hrvatskog društva književnika za djecu i mlade ', 2015, 'Godišnja', 'Autor dobiva određeni novčani iznos.', 'https://www.kgz.hr/hr/knjiznice/hrvatski-centar-za-djecju-knjigu/hrvatske-nagrade-za-djecju-knjigu-7431/nagrade-hrvatskog-drustva-knjizevnika-za-djecu-i-mlade/pisirisi-54841/54841'),
(87, 'Konjanik', 'Pučko otvoreno učilište Zaprešić', 2021, 'Godišnja', 'Autor dobiva brončanu stajaću plaketu.', '/'),
(88, 'Katarina Patačić', 'Varaždinsko književno društvo', 2000, 'Godišnja', '/', 'https://www.knjiznica-vz.hr/index.php?type=newsdet&item=1869'),
(89, 'Mali Galović', 'Koprivničko-križevačka županija', 2020, 'Godišnja', '/', 'https://galoviceva-jesen.eu/natjecaj-za-nagradu-mali-galovic-2022/'),
(90, 'Predrag Matvejević', 'Portal Radio Gornji grad', 2021, 'Godišnja', 'Autor dobiva skulpturu beogradskog kipara.', 'https://booksa.hr/vijesti/natjecaji/knjizevna-nagrada-predrag-matvejevic'),
(91, 'Zvonko Milković', 'Matica hrvatska', 2020, 'Godišnja', 'Autor dobiva diplome i novčani iznos od 5 000 kn.', 'https://varazdin.hr/kalendar-dogadanja/1019/'),
(92, 'Stjepan Gulin', 'Šibenska književna ura', 2021, '/', 'Autor dobiva diplome i novčani iznos od 15 000 kn.', 'https://www.booksa.hr/vijesti/vijesti/nagrada-stjepan-gulin-selmi-asotic'),
(93, 'Korzo slova', 'Društvo hrvatskih književnika', 2022, 'Godišnja', 'Autor dobiva priznanje i istoimene skulpture ”Korzo slova”,', 'http://dhk.hr/ogranci-dhk/detaljnije/knjizevni-natjecaj-za-nagradu-korzo-slova');

-- --------------------------------------------------------

--
-- Table structure for table `podaci`
--

CREATE TABLE `podaci` (
  `COL 1` varchar(10) DEFAULT NULL,
  `COL 2` varchar(172) DEFAULT NULL,
  `COL 3` varchar(100) DEFAULT NULL,
  `COL 4` varchar(55) DEFAULT NULL,
  `COL 5` varchar(143) DEFAULT NULL,
  `COL 6` varchar(260) DEFAULT NULL
) ENGINE=InnoDB DEFAULT CHARSET=utf8;

--
-- Dumping data for table `podaci`
--

INSERT INTO `podaci` (`COL 1`, `COL 2`, `COL 3`, `COL 4`, `COL 5`, `COL 6`) VALUES
('id_nagrade', 'naziv_nagrade', 'organizator', 'god_dodjele', 'ucestalost', 'vise_informacija'),
('1', 'Nagrada Grada Zagreba', 'Grad Zagreb', '1955', 'godišnja, nije se dodjeljivala 1990-1992 te 1999', ''),
('2', 'Vladimir Nazor', 'Republika Hrvatska (ministarstvo Kulture?)', '1959', 'godišnja', ''),
('3', 'Drago Gervais', 'Grad Rijeka', '1961', 'do 1974 svake, a nakon toga svake druge godine', '20000kn za svaku kategoriju i posebno priznanje. Neobjavljeno djelo ima pravo i na objavu uz novčanu nagradu.'),
('4', 'Ranko Marinković', 'Večernji list', '1966', 'godišnja', 'tri nagrade, 20, 8 i 5 k HRK'),
('5', 'Grigor Vitez', 'Savez društava Naša djeca Hrvatske', '1967', 'jednom godišnje', 'novčani iznos, diploma, statua ptica kiparice Ksenije Katoci'),
('6', 'Goranov Vijenac', 'Goranovo proljeće', '1971', 'od 2019. dodjeljuje se svake druge godine', 'novčani iznos, plaketa, vijenac'),
('7', 'Ivana Brlić-Mažuranić', 'Školska Knjiga', '1971', 'jednom godišnje do 2001. godine', 'diploma, novčani iznos, statua Gita i Hlapić kipara Želimira Janeša'),
('8', 'Goran za mlade pjesnike', 'Goranovo proljeće', '1977', 'uglavnom godišnja, ponekad se ne dodjeljuje', 'objava u uglednoj biblioteci Novi hrvatski pjesnici'),
('9', 'Ksaver Šandor Gjalski', 'Društvo hrvatskih književnika i grad Zabok', '1979', 'od 1985 svake godine', 'novčani iznos, financira ministarstvo kulture i grad Zabok'),
('10', 'Sfera', 'Društvo za znanstvenu fantastiku SFera', '1981', 'godišnja', 'plaketa i posebno izrađena pločica s imenom autora, nazivom djela i godinom lijepi se na skulpturu SFera '),
('11', 'Visoka žuta žita', 'Pjesnički susret u Drenovcima', '1986', 'godišnja', 'https://hr.wikipedia.org/wiki/Pjesni%C4%8Dki_susreti_u_Drenovcima'),
('12', 'Marin Držić', 'Ministarstvo kulture RH', '1991', 'godišnja', 'prva nagrada 40.000,00 kn, druga nagrada 30.000,00 kn, a treća 20.000,00 kn i brončane skulpture umjetnika Damira Mataušića'),
('13', 'Fra Lucijan Kordić', 'Društvo hrvatskih književnika', '1993', 'dodjela neučestala (1996. 2000. 2006. 2010. 2014.) po novim odlukama, svake 4 godine (sljedeća dodjela 2018 godine)', ''),
('14', 'Mato Lovrak', 'Lovrakovi dani kulture', '1993', 'jednom godišnje', 'povelja i novčani iznos'),
('15', 'Nagrada Hrvatske akademije znanosti i umjetnosti', 'HAZU', '1994', 'godišnja', 'mjesečni boravak u kući pisaca i 1k eura'),
('16', 'Albatros', 'Pučko otvoreno učilište Velika Gorica', '1995', 'godišnja', 'nekoliko primjeraka objavljene knjige, plaketa i novčani iznos'),
('17', 'Josip i Ivan Kozarac', 'DHK; Vuk-Srijem. Žup', '1995', 'godišnja', 'brončani odljevi s likovima Kozaraca, a za Povelju uspješnosti pisana povelja'),
('18', 'Kvirinovi poetski susreti', 'Matica Hrvatska Sisak', '1997', 'godišnja', 'plaketa sv. Kirina'),
('19', 'Nagrade Dana hrvatske knjige (Slavić, Judita, Davidias)', 'Društvo hrvatskih književnika', '1997', 'jednom godišnje, na dan hrvatske knjige (22.4)', 'novčani iznos i povelja'),
('20', 'Nagrada za najbolji neobjavljeni roman godine', 'V.B.Z.', '2002', 'godišnja', '100k HRK i objavljivanje rukopisa'),
('21', 'Iso Velikanović', 'Ministarstvo kulture RH', '2005', 'godišnja', 'povelja, medalja i novčani iznos'),
('22', 'Kratka kajkavska proza', 'Časopis Kaj', '2005', 'godišnja', 'Izabrane proze se objavljuju u časopisu'),
('23', 'Ovca u kutiji', 'Knjiga u centru, ranije Autorska kuća', '2005', 'jednom godišnje', 'skulptura Ovca u kutiji, do 2009. i put na sajam dječje knjige u Bologni'),
('24', 'Anto Gardaš', 'Društvo hrvatskih književnika', '2006', 'godišnja', 'povelja i novčani iznos od 10000 kn'),
('25', 'Dragan Plamenac', 'Hrvatsko muzikološko društvo', '2006', 'godišnja te za životno djelo', ''),
('26', 'Fran Galović', 'Grad Koprivnica/DHK Podravsko-prigorski ogranak', '2006', '', 'diploma i novčani iznos'),
('27', 'Lapis Histriae', 'Forum Tomizza', '2006', 'svake godine', 'novčana nagrada i artefakt kipara Ljube de Karine'),
('28', 'Dani Franje Horvata Kiša', 'Općina Lobor ', '2007', 'godišnja', 'novčani iznos te umjetnička slika '),
('29', 'roman@tportal.hr', 'tportal.hr', '2007', 'godišnja', 'novčana nagrada, početni iznos 100k HRK, posljednje 3 godine 50k HRK, skulptura tipkovnice, prilikom posljednje dvije dodjele finalisti dobili tablete također'),
('30', 'Zvane Črnja', 'Društvo hrvatskih književnika', '2007', 'jednom godišnje', 'Plaketa i novčani iznos'),
('31', 'Milivoj Cvetnić', 'Društvo prijatelja knjige Milivoj Cvetnić', '2008', 'godišnja', 'Plaketa i tiskanje zbirke pjesama'),
('32', 'Andrija Maurović', 'Art 9 (udruga za očuvanje baštine i popularizaciju hrvatskog stripa)', '2009', 'godišnja', 'Specijalno dizajnirana diploma, prigodni deplian'),
('33', 'Mali Marulić', 'Gradsko kazalište lutaka Split i festival Mali Marulić', '2009', 'svake godine', 'tri nagrade, svaka se sastoji od plakete, skulpture i novčane nagrade (15, 10 i 6k HRK)'),
('34', 'Artefakt', 'Udruga 3. zmaj', '2010', 'godišnja', 'izgled nagrade mijenja se svake godine, a za njega je zaslužan mladi umjetnik Tonko Vukonić'),
('35', 'BOOKtiga', 'Gradska knjižnica Poreč', '2011', 'pretpostavka je da je godišnja, no o dodjeli nema zapisa u dostupnim programima, dok šturi izvori za kasnije godine upućuju na godišnju dodjelu', 'Osim prigodnog priznanja, sedmodnevnog boravka u Kući za pisce/Hiži od besid u Pazinu, autor najčitanije knjige dobiva i novčanu nagradu.'),
('36', 'Ivan vitez Trnski', 'Društvo hrvatskih književnika', '2011', '', 'objavljivanje nagrađenog rukopisa i promotivne aktivnosti vezane uz objavljivanje'),
('37', 'Edo Budiša', 'Istarska županija', '2012', 'jednom godišnje', 'mjesečni boravak u kući pisaca i 1k eura'),
('38', 'Kratka priča muzeja anđela', 'Muzej anđela', '2012', 'godišnji', 'slikarski radovi Željka Prsteca'),
('39', 'Najbolja kratka priča strave', 'Mala performerska scena/Freaky Friday', '2012', 'prva dodijeljena 2012, druga 2015', 'prva tri mjesta dobivaju 2k, 1k i 500 HRK, objavljuje se zbirka najboljih priča koje su primljene putem natječaja'),
('40', 'Teatar.hr', 'teatar.hr', '2012', 'godišnja', ''),
('41', 'metaFORA', 'Knjižnica Vladimira Nazora Zagreb', '2013', 'godišnja', 'uprizorenje najboljih priča'),
('42', 'Višnja Machiedo', 'P.E.N. centar', '2013', 'godišnja', '10 000 HRK i plaketa'),
('43', 'Zvonko', 'Hrvatsko društvo književnika za djecu', '2013', 'godišnja', 'medalja \"Zvonko\", tisak rukopisa i 100 autorskih primjeraka'),
('44', 'Anđelko Novaković', 'Zaklada NSK', '2014', 'godišnja', 'objavljivanje zbirke pjesama, plaketa i novčani iznos (10 000 kn)'),
('45', 'Dijana Klarić', 'Hrvatski klub putnika', '2014', 'jednom godišnje', 'drvena statua u obliku spirale, nosi više značenja. Statuu izrađuje Milena Mikulandra. Ne postoji novčani dio nagrade. '),
('46', 'Janko Polić Kamov', 'Hrvatsko društvo pisaca', '2014', 'godišnja', 'Luka Bekavac, Marko Dejanović, Ivana Rogar, Zoran Roško, Igor Mandić, Borivoj Radaković, Neven Ušumović'),
('47', 'Najbolja priča FEKP-a', 'Festival europske kratke priče/Centar za kreativno pisanje', '2014', 'godišnja', 'za tri mjesta, 2016: put i smještaj u Ventspilsu u Latviji; dvotjedni boravak u splitskoj rezidenciji za pisce udruge Kurs; pohađanje ljetne škole pisanja CeKaPe'),
('48', 'Petrarca Fest', '', '2014', '', 'nagradni fond knjiga (HKD i Ljevak)'),
('49', 'Goran Bujić', 'Hrvatsko književno društvo', '2015', 'godišnja', 'diploma i umjetnička slika'),
('50', 'Marijina nagrada', 'Muzej Anđela', '2015', 'godišnja', '1000 kn'),
('51', 'Mirko Kovač', 'Udruga  Mirko Kovač', '2015', 'godišnja', 'povelja i 5k €'),
('52', 'Stjepan Kranjčić', 'Udruga za promicanje znamenitih Križevčana \"Dr. Stjepan Kranjčić\"', '2009', 'godišnja', 'dio radova objavljen u zborniku \"Zora nebom zarudjela\"'),
('53', 'Kitica', 'Hrvatsko društvo književnika za djecu i mlade', '2016', 'godišnja', 'tiskano izdanje rukopisa, 30 autorskih primjeraka, statua \"Kitica\" i 1000 HRK'),
('54', 'Post Scriptum', 'Udruga Kultipraktik', '2016', '', 'Nagrada se dodjeljuje na KaLibar bestivalu u Varaždinu, a sastoji se od nastupa na bestivalu, priznanja i objave knjige kod uglednog izdavača (Jesenski i Turk) sa svim pripadajućim autorskim pravima, te eventualno od sponzorskih financijskih i robnih donacija.'),
('55', 'Stipan Bilić-Prcić', 'nagr', '2016', 'godišnja', ''),
('56', 'Zvonimir Milčec', 'Gornjogradski književni festival i obitelj Milčec', '2016', 'godišnja', 'statua Šetra Hranuellija \"Oskarovka\" i plaketa u obliku Milčecove lule; statua i fotografija Maksa Juhasza'),
('57', 'Sedmica i Kritična masa', 'Časopis Kritična Masa', '2015', 'godišnja', '5000 HRK bruto i plaketa'),
('58', 'Tin Ujević', 'Društvo hrvatskih književnika', '1981., utemeljena 1980. ', 'jednom godišnje', ''),
('59', 'Julije Benešić', 'Društvo hrvatskih književnika Ogranak slavonsko-baranjsko-srijemski i Matica hrvatska Ogranak Đakovo', '1998.', 'godišnja', 'novčani iznos i povelja s likom Julija Benešića'),
('60', 'Eva Verona', 'Hrvatsko knjižničarsko društvo', '1998', '', 'poticajna nagrada'),
('61', 'Miroslav Krleža', 'Društvo hrvatskih književnika', 'prvi zapis stoji za 1986 godinu, utemeljena 1985 godine', 'do 1991 svake godine, nakon toga jednom svake dvije godine', 'novčani(?), nagrada se financira iz sredstava ostvštine Miroslava Krleže) '),
('62', 'Dubravko Jelačić Bužimski; Nedjeljko Fabrio; Ljerka Car Matutinović; Sanja Pilić; Pavao Pavličić; Ludwig Bauer; Miro Gavran; Miroslav Slavko Mađer; Ljerka Car Matutinović; ', 'Jadranski književni susreti', '2013', 'godišnja', 'povelja i skulptura sunca koje izranja iz morskih valova, rad akademske kiparice Suzane Kljuš'),
('63', 'Antun Gustav Matoš', 'Matica hrvatska', '1999', 'godišnja', 'novčana nagrada'),
('64', 'August Šenoa', 'Matica hrvatska', '1999', 'godišnja', ''),
('65', 'Dragutin Tadijanović', 'Zaklada HAZU', '2008', 'godišnja', 'novčana nagrada (20 000kn)'),
('66', 'Ivan Kukuljević Sakcinski', 'Matica hrvatska', '', '', ''),
('67', 'Josip Tabak - za najbolje prijevode', 'Društvo hrvatskih književnih prevodilaca', '2012', 'jednom godišnje', 'priznanje i novčani iznos sukladno godišnjem proračunu'),
('68', 'Kaštelanske štorije', 'Gradska knjižnica Kaštela', '2012', 'Jednom godišnje', 'Objava u Zborniku Kaštelanske Štorije'),
('69', 'Kiklop', 'Sa(n)jam knjige u Istri', '2004', 'Godišnje', 'Statua Kiklop'),
('70', 'Mjesto radnje: Makarska', 'Gradska knjižnica Makarska', '', '', 'prvo mjesto dobija novčanu nagradu od 1000 HRK'),
('71', 'Mladi lav', 'Crtani romani šou', '', 'godišnja', 'dodjeljuje se u dvije dobne kategorije, do 10 godina i 11-15 godina'),
('72', 'Nagrada Stjepko Težak / Moje drago srce', 'Matica hrvatska Ozalj/GKiČ Ivan Belostenac Ozalj', '2014', 'godišnja', 'novčana nagrada - 1. mjesto 5000 kuna, 2. mjesto 3000 kuna, 3. mjesto 1500 kuna'),
('73', 'Na vrh jezika', 'Udruga Kultipraktik', '2004', 'godišnja', 'objava zbirke poezije, Na vrh jezika prsten, diplome i pretplatničkog paketa na časopise.'),
('74', 'Nagrada Jutarnjeg lista', 'Jutarnji list', '2000', '', '50 000 HRK i skulptura kipara Daniela Kovača'),
('75', 'Nagrada pasionske baštine', 'DHK i Udruga Hrvatska pasionska baština', '2016', 'svake treće godine', ''),
('76', 'Natječaj za rukopis romana za djecu i mlade', 'Društvo hrvatskih književnika', '', '', ''),
('77', 'Neretvanska maslina', 'GKIČ Opuzen i Društvo hrvatskih književnika', '', '', 'pisani dokument, novčani iznos (Nenaveden) i ekoloških neretvanskih proizvoda (maslinovo ulje i vino)'),
('78', 'Priča se (p)o gradu', 'Gradska knjižnica Trogir', '', '', '1. NAGRADA 2000,00 KN, 2.NAGRADA 1000,00 KN, 3. NAGRADA 500,00 KN'),
('79', 'Prozak', 'Udruga Kultipraktik', '', '', 'objava zbirke priča sa svim pripadnim autorskim pravima u izdanju naklade Jesenski i Turk, Prozak prsten, diplome i pretplatničkog paketa na časopise Quorum, Tema i Zarez.'),
('80', 'Rikard Jorgovanić', 'Hrvatsko zagorsko književno društvo / Općina Hum na Sutli', '', '', ''),
('81', 'Tea Benčić Rimay', 'Narodna knjižnica i  čitaonica Vlado Gotovac Sisak', '2019.', '', 'objavljivanje rukopisa i 3000 HRK'),
('82', 'T-portalova književna nagrada', 'Hrvatski Telekom - tportal.hr', '2008.', 'godišnja', '50 000 HRK i statua u obliku tipkovnice'),
('83', 'Libar za vajk', 'Udruga Sanjam knjige u Istri', '2020', 'godišnja', 'Novčani iznos od 5000 kuna i skulpturu nagrade dobit će i autor i nakladnik nagrađenog djela.'),
('84', 'Balkan Noir', 'Biblioteka Balkan Noir', '2018', 'godišnja', 'Novčani iznos od 100000 HRK'),
('85', 'Fric', 'tjednik Express', '2018', 'godišnja', 'novčani iznos od 75000 HRK'),
('86', 'Piširiši', 'Hrvatskog društva književnika za djecu i mlade ', '2015', 'godišnja', 'novčani iznos'),
('87', 'Konjanik', 'Pučko otvoreno učilište Zaprešić', '2021', 'godišnja', 'brončana stajaća plaketa'),
('88', 'Katarina Patačić', 'Varaždinsko književno društvo', '2000', 'godišnja', ''),
('89', 'Mali Galović', 'Koprivničko-križevačka županija', '2020', 'godišnja', ''),
('90', 'Predrag Matvejević', 'Portal Radio Gornji grad', '2021', 'godišnja', 'skulptura beogradskog kipara'),
('91', 'Zvonko Milković', 'Matica hrvatska', '2020', 'godišnja', 'diplome i novčanog iznosa od 5.000,00 kuna'),
('92', 'Stjepan Gulin', 'Šibenska književna ura', '2021', '', 'diplome i novčanog iznosa od 15 tisuća kuna'),
('93', 'Korzo slova', 'Društvo hrvatskih književnika', '2022', 'godišnja', 'priznanje, istoimene skulpture ”Korzo slova”,');

--
-- Indexes for dumped tables
--

--
-- Indexes for table `admin`
--
ALTER TABLE `admin`
  ADD PRIMARY KEY (`id`);

--
-- Indexes for table `dobitnici`
--
ALTER TABLE `dobitnici`
  ADD PRIMARY KEY (`id_dobitnika`);

--
-- Indexes for table `dobitnici_nagrade`
--
ALTER TABLE `dobitnici_nagrade`
  ADD PRIMARY KEY (`id`);

--
-- Indexes for table `nagrade`
--
ALTER TABLE `nagrade`
  ADD PRIMARY KEY (`id_nagrade`);

--
-- AUTO_INCREMENT for dumped tables
--

--
-- AUTO_INCREMENT for table `admin`
--
ALTER TABLE `admin`
  MODIFY `id` int(6) NOT NULL AUTO_INCREMENT, AUTO_INCREMENT=3;

--
-- AUTO_INCREMENT for table `dobitnici`
--
ALTER TABLE `dobitnici`
  MODIFY `id_dobitnika` int(6) NOT NULL AUTO_INCREMENT, AUTO_INCREMENT=661;

--
-- AUTO_INCREMENT for table `dobitnici_nagrade`
--
ALTER TABLE `dobitnici_nagrade`
  MODIFY `id` int(11) NOT NULL AUTO_INCREMENT, AUTO_INCREMENT=321;

--
-- AUTO_INCREMENT for table `nagrade`
--
ALTER TABLE `nagrade`
  MODIFY `id_nagrade` int(6) NOT NULL AUTO_INCREMENT, AUTO_INCREMENT=280;
COMMIT;

/*!40101 SET CHARACTER_SET_CLIENT=@OLD_CHARACTER_SET_CLIENT */;
/*!40101 SET CHARACTER_SET_RESULTS=@OLD_CHARACTER_SET_RESULTS */;
/*!40101 SET COLLATION_CONNECTION=@OLD_COLLATION_CONNECTION */;
